"EY","CFTP","ln_MV","DY","BTME","DTE","HSI"
0.0808,0.1032,10.0981,3.894,0.7508,9.095,1
0.1203,0.1328,10.4395,5.604,0.9183,1.1077,1
0.0328,0.0387,12.1486,1.962,0.8776,0.1409,1
0.0461,0.0839,13.1489,0,0.2052,-1.416,1
0.1095,0.1168,9.6325,3.042,0.7854,0.8611,1
0.0511,0.109,11.6078,0,0.5286,0.9417,1
0.0855,0.0669,10.5672,4.794,1.071,0.4296,1
0.0759,0.1203,11.1832,4.938,0.394,0.4507,1
0.18,1.3714,11.0335,1.324,0.507,1.0219,1
0.0798,0.0792,9.1423,6.236,1.9463,0.4498,1
0.059,0.0524,10.0641,4.922,1.0735,0.364,1
0.0618,0.0662,12.0142,5.674,0.273,9.9016,1
0.1147,0.1079,9.7566,3.752,1.1604,0.1504,1
0.0717,0.0371,11.0221,3.094,0.9284,0.3108,1
0.0598,0.0694,10.8143,3.446,0.3504,0.1441,1
0.0975,0.1316,11.0241,5.34,0.5501,0.6921,1
0.0623,0.0781,13.6733,3.994,0.4134,-1.1738,1
0.0314,0.0489,12.6903,2.274,0.6732,0.4855,1
0.0619,0.0712,9.0513,4.962,2.4921,0.2471,1
0.0311,0.045,10.3538,1.208,0.1162,0.5223,1
0.0292,0.0321,10.3382,0.948,0.1558,0.5999,1
0.0354,0.0336,10.1961,2.796,0.1286,1.5639,1
0.0859,0.1273,10.8427,2.372,0.0884,0.8382,1
0.0143,0.1637,9.6098,2.864,3.5521,0.6954,1
-3.9521,0.0859,10.8423,0,-0.1495,-5.9046,1
0.0934,0.0989,9.4915,2.984,0.941,0.2038,1
0.0533,0.0562,11.9589,2.384,0.8233,0.4044,1
0.0426,0.0231,9.4076,1.268,2.1033,0.3865,1
0.0558,0.0697,10.6042,2.614,1.0971,0.3136,1
0.053,0.0509,9.6251,2.752,0.2077,0.5497,1
0.0538,0.0748,10.7443,4.118,1.1793,0.4926,1
0.038,0.0455,9.5155,1.124,1.946,0.7572,1
-1.8292,-0.1732,5.5405,0,1.0379,0.2466,0
-2.236,-0.6897,5.0102,0,-0.2959,3.3263,0
-1.5406,-4.1667,4.4954,0,-2.8571,0.9148,0
-0.9006,-0.3872,4.5031,0,2.7981,0.0753,0
0.1923,4.1667,7.0489,4.73,0.9174,3.2208,0
0.3165,0.7588,5.5213,9.22,3.6772,0.98,0
0.2996,0.4377,5.4412,11.63,1.7072,0.6402,0
-0.0807,0.0901,7.2995,0,2.9085,0.4106,0
-0.5521,-0.1839,6.9399,0,4.9048,0.452,0
0.1317,0.0738,5.0022,6.586,1.978,0.465,0
0.2158,-1.4308,6.1012,0,1.4516,0.4333,0
-0.4701,-0.023,4.0042,0,2.7846,0.4718,0
0.1621,0.2517,6.7537,8.812,2.4637,-2.3308,0
0.078,0.2412,6.4848,1.558,1.101,0.8981,0
0.1109,0.0926,6.5267,3.398,1.4172,0.4259,0
-0.125,-2e-04,4.0102,0,0.0028,0.1979,0
-0.2195,-0.1528,4.6751,0,3.3148,0.4108,0
0.1216,0.217,7.2157,4.554,1.8149,0.3971,0
0.0047,-0.0831,6.3265,0,1.1262,0.2575,0
0.0226,0.0377,5.2539,0,1.0419,0.2089,0
0.1923,0.2404,6.4273,8.572,0.8198,0.3452,0
0.1783,0.1788,7.0412,2.97,1.456,0.5072,0
0.1042,0.0651,4.5009,0,1.7544,1.5129,0
0.1205,0.1009,7.1413,6.114,2.4762,4.0292,0
-0.0567,-0.0556,6.1078,0,0.0659,0.104,0
-0.5055,-0.3202,6.1304,0,6.0376,0.6362,0
0.1075,0.1387,8.5691,1.484,0.5453,0.2452,0
-0.2656,-0.352,7.2065,0,3.0916,0.6733,0
-1.0166,-0.5611,5.3576,0,1.5497,0.3724,0
0.1235,0.062,8.7346,7.44,0.295,0.6365,0
0.0913,0.0992,7.201,7.52,2.8104,0.0581,0
0.106,0.1698,6.4358,2.31,0.782,1.4517,0
0.0577,-0.5748,4.2058,0,2.5418,1.0847,0
0.2075,0.1884,5.8237,9.226,0.9844,0.8249,0
0.0603,0.1139,7.8341,2.808,0.9089,0.477,0
0.1028,1.4572,8.2249,3.614,0.9692,-1.6949,0
-0.2801,0.0225,6.0495,0,0.9011,12.4907,0
0.0886,0.1646,8.7198,2.542,1.1611,0.6307,0
0.0618,0.6986,6.9522,1.592,1.7194,-5.9385,0
0.0684,0.8532,6.5656,5.37,2.0601,0.5985,0
0.0319,0.1487,5.2144,5.13,1.3106,-2.1318,0
-0.475,-0.4167,4.1612,0,0.9009,0.8774,0
-0.1442,-0.3033,4.4556,0,0.7763,0.4869,0
-11.7613,-2.684,3.3077,0,-2.7583,1.3924,0
0.1127,0.1098,4.9939,0,1.5119,0.5557,0
0.3127,0.3664,5.4929,17.288,0.6995,0.3359,0
0.1924,1.5183,8.5932,0.612,0.9456,1.4171,0
-0.2917,-0.2674,3.4343,0,1.2048,0.2979,0
-1.5278,0.1838,5.5775,0,2.0254,-1.1817,0
0.1073,0.1597,7.8149,4.294,0.5767,0.4967,0
-2.2241,0.0636,5.662,0,1.4665,0.9408,0
0.2858,0.2592,6.0847,14.104,0.7522,0.5942,0
-0.2865,-0.5915,6.0891,0,0.2677,0.5113,0
0.0492,-0.0817,6.6327,0,0.3824,0.7923,0
0.1023,1.2397,5.7149,3.76,1.2127,0.506,0
-0.2686,-0.5497,6.9647,0,2.3738,0.4982,0
0.0636,0.2657,5.385,2.522,1.3516,0.8732,0
0.2156,-0.225,4.3434,0,2.979,0.7931,0
-0.6233,-0.5977,6.5204,0,1.3308,0.4609,0
-0.3103,-0.2002,5.5189,0,0.9689,0.3951,0
-0.1952,3.1855,4.2561,0,1.2352,0.0429,0
0.2409,0.2186,7.1375,1.55,2.3627,0.3427,0
0.1402,0.1505,8.2967,3.476,0.3193,1.0012,0
0.1099,0.1349,6.7577,7.072,1.4582,0.4201,0
-0.1205,0.0796,5.5204,0,1.6099,0.4112,0
0.0368,0.3636,4.6287,5.31,3.0303,0.4554,0
-0.4169,-0.1816,4.7607,0,8.1602,0.4135,0
-0.8716,-0.3201,5.202,0,0.9388,0.5056,0
-0.7911,0.2154,3.6065,0,1.8736,12.4385,0
0.2526,0.2467,6.5491,10.04,3.2272,1.0388,0
0.0332,-0.009,5.4608,7.294,1.6386,0.5486,0
11.2943,-0.1869,5.5206,0,0.5459,1.8461,0
-0.739,-0.477,7.2386,0,0.834,1.0885,0
0.1721,0.1861,5.9723,0,0.6099,0.6482,0
0.155,0.0224,4.6395,0,0.6989,0.0566,0
-4.3254,-2.505,4.7681,0,-2.258,11.1186,0
-0.29,-0.8887,5.9869,0,0.9215,0.3016,0
-7.7799,-5.6863,4.1073,0,0.7309,1.8035,0
-0.2855,-0.0827,4.346,0,0.4267,0.1287,0
0.0076,0.46,7.3443,1.906,1.4424,2.9158,0
-1.1535,0.0277,6.7065,0,1.2028,1.5813,0
0.0756,0.0404,9.1493,2.26,0.5891,0.1003,0
0.0344,0.0176,6.2948,0,0.9537,0.2647,0
-0.3128,-0.1606,5.4206,0,0.4985,0.4983,0
-0.0626,-0.0531,4.9773,0,-0.0952,0.1556,0
0.0299,0.0493,8.7203,1.14,0.3752,1.1997,0
-0.073,-0.0191,5.4574,0,1.8384,0.1451,0
0.0879,0.0913,9.264,2.92,1.0339,0.1767,0
-0.769,-0.3017,5.7996,0,2.2642,0.655,0
0.085,0.0381,8.0181,0.906,1.4451,0.1845,0
2.0188,-1.1357,6.4444,7.384,2.1043,0.1929,0
0.067,0.0881,8.6257,3.922,1.4328,0.8512,0
0.0766,0.2487,6.8242,0,1.4383,0.6423,0
0.12,0.1042,7.4488,2.372,0.5369,0.2569,0
-0.0803,0.1654,7.0751,0,0.341,0.1466,0
0.0545,0.0698,7.7947,1.852,1.5995,0.6738,0
-0.2582,-0.1928,6.5374,0,0.8039,0.5952,0
-1.592,-0.9853,5.8693,0,0.4246,0.1731,0
0.0843,2.2227,7.4363,3.604,1.2536,-1.5557,0
0.0433,2.072,7.9406,0,1.03,2.0408,0
-0.1535,-0.4529,5.9591,0,2.3289,0.1651,0
-6.8103,-2.5,5.2171,0,12.5,0.6997,0
0.0743,0.1281,8.8459,3.648,1.155,0.2656,0
0.0994,0.1251,6.5813,5.65,1.6397,0.2552,0
-0.2978,-0.297,7.474,0,8.7879,0.2676,0
-0.4902,-0.344,3.9316,0,2.9254,0.4615,0
-0.2615,-1.4884,4.4347,0,2.1462,0.9807,0
0.271,2.6933,6.0183,2.852,1.8449,-1.3713,0
0.0415,0.1267,6.3336,7.03,3.125,0.1264,0
0.1371,0.1217,6.3321,6.672,1.5782,0.1757,0
-0.5183,0.0472,5.6026,3.784,6.5952,0.1889,0
-0.5519,-0.0505,5.4426,2.876,12.5,0.3839,0
0.2193,0.2204,5.3232,6.184,3.0303,1.9299,0
0.2941,0.3509,5.5785,10.24,1.6667,0.3042,0
-1.1373,-0.4474,4.1447,0,1.7748,1.1069,0
-15.922,-0.0137,5.6417,0,0.2646,-1.9916,0
0.1104,0.1895,8.7289,3.92,1.1825,8.4029,0
0.1289,-0.0024,7.9366,0,0.0856,0.5376,0
0.0202,-0.1675,5.2552,4,2.7778,0.1008,0
0.1442,0.5802,5.9293,1.312,2.3767,0.5704,0
-1.2766,0.2861,4.4455,0,1.1736,-1.6953,0
0.0701,0.0501,8.368,0.902,0.5434,0.0179,0
0.2147,0.2518,7.992,6.672,0.9829,0.2415,0
0.0494,0.0798,5.7242,0,3.3793,0.2224,0
-0.8924,-3.0931,5.0943,0,8.9697,0.399,0
0.0927,0.1389,7.8291,4.998,1.2997,0.1549,0
0.0216,-0.093,6.4085,0.892,0.5697,0.2502,0
0.2165,0.1035,4.6179,6.904,5.4971,0.3091,0
-0.1021,0.0531,6.5188,0,3.2473,0.3144,0
0.0183,-0.1624,6.7612,0,1.7901,1.393,0
0.1362,0.0261,9.1071,4.874,1.0389,-1.8686,0
0.1279,0.1661,6.6172,3.952,0.5418,0.7557,0
-2.2262,-0.6268,4.2683,0,0.9988,0.9157,0
0.0253,-0.1991,5.1497,0,3.3563,0.9833,0
0.0698,0.4097,4.4326,0,3.7322,0.4895,0
0.133,0.1371,6.4146,6.34,2.1099,0.1202,0
-0.1133,-0.1835,6.9173,0,0.4359,0.0655,0
-0.5294,-1.1111,4.5004,0,0.8929,0.5302,0
0.101,0.1497,9.1148,3.202,0.596,9.1319,0
0.1641,0.1769,5.4129,4.018,0.7427,1.1414,0
0.1807,0.2125,4.565,11.604,2.7644,0.737,0
-0.0747,0.0582,5.9409,0,5.3801,0.9365,0
0.1402,0.2283,5.8708,1.854,0.5805,0.4464,0
0.0847,0.1269,5.2781,2.76,1.2821,0.3689,0
0.0899,0.0953,8.9735,0.85,0.3148,0.2032,0
0.0699,0.0095,5.1446,0,1.5779,0.7919,0
0.076,0.2381,6.0761,0,2.5013,0.906,0
0.1062,-0.8026,3.9956,0,2.0248,2.2336,0
0.0548,0.0649,8.0343,0,0.4094,12.0007,0
-1.2784,-0.8108,4.2699,0,1.0667,0.2179,0
-0.0404,-3.35,5.2435,0,1.6621,-1.339,0
-0.3162,-0.0465,6.6281,0,0.1898,0.1796,0
-0.495,-0.4082,5.3158,0,2.7654,0.7689,0
0.0445,-0.0976,6.1573,1.856,1.5774,0.719,0
0.0956,0.2601,7.0082,4.792,0.6118,0.2476,0
0.017,-6.8718,5.4383,0,1.509,0.1167,0
-0.2046,-0.0735,6.0733,0,0.375,14.5601,0
-1.1252,-0.2754,6.5055,0,1.5538,0.297,0
0.1826,0.0589,4.4758,2.292,1.8105,0.9083,0
0.1786,0.1168,5.8705,9.714,2.7922,0.4726,0
-0.4923,-0.5525,2.9704,0,2.0833,0.0125,0
2.2751,-0.0272,4.7443,0,2.0643,4.8361,0
-2.764,-0.131,6.0516,0,0.4341,0.6587,0
-0.3326,-0.3131,5.9848,0,0.9131,0.5777,0
-0.0532,-0.8917,7.223,0,0.0579,2.6993,0
0.0298,0.0365,7.7401,0.658,0.583,1.1064,0
0.0475,0.0912,6.0822,1.062,0.9277,0.7628,0
0.2017,0.253,5.9979,9.246,7.4725,0.2483,0
0.3599,-0.356,4.4265,0,10,0.89,0
0.2158,-0.5829,5.9599,4.01,7.1429,0.6258,0
-0.2111,-0.3133,6.1131,0,0.8108,0.081,0
0.0555,0.1081,9.2656,1.826,0.2956,1.0525,0
1.3929,0.0819,5.3626,0,1.1216,8.1277,0
0.1611,-0.3466,3.3789,0,1.9846,0.0098,0
0.0411,0.0591,6.6256,0,0.2638,0.5662,0
-0.0748,-0.5412,6.1578,0,0.8853,0.7593,0
-0.085,-0.3235,4.7549,0,1.8004,0.5138,0
0.0828,0.4509,6.1717,4.04,5,0.5256,0
-0.097,-0.1026,5.2552,0,3.0693,0.1917,0
0.1407,0.1741,6.7188,1.876,0.6416,0.5207,0
-1.005,-0.4202,4.5891,0,3.17,4.1111,0
0.0265,-0.2902,5.1942,0,1.6227,0.1534,0
0.1286,0.1294,6.3768,2.886,1.8881,0.0651,0
0.0595,0.0461,5.5966,2.286,2.7937,0.0355,0
0.2551,0.2117,5.9917,9.126,1.202,0.5836,0
-0.7375,-2.505,4.8681,0,1.5364,0.4929,0
0.0069,0.1381,7.2834,0,0.2805,0.8596,0
0.2058,0.3735,6.894,7.874,2.4762,0.933,0
0.0034,0.2674,4.7577,4.26,2.2222,0.56,0
0.0914,0.1208,6.6885,2.488,0.6181,0.6664,0
0.0114,0.4086,4.5884,14.582,2.2737,0.7107,0
0.033,0.0435,5.0038,0,1.2674,0.1848,0
0.1573,0.2233,5.7592,7.94,0.9491,0.6745,0
-2.3616,0.968,5.7842,0,0.8418,-1.1543,0
-0.1261,0.2081,5.9896,0,0.1064,-1.1388,0
-0.1579,-0.5236,3.8299,0,2.3256,1.2535,0
0.122,0.0465,4.2343,0,1.0638,3.516,0
0.0042,0.0219,8.0596,0,0.0905,-1.5433,0
0.0838,0.094,8.5566,2.902,0.3263,0.3196,0
0.114,0.111,8.3063,0.572,0.352,1.5601,0
-0.5822,-0.1942,6.2545,0,1.5879,0.3367,0
0.1894,0.2371,6.0624,0,0.6869,0.429,0
0.1608,0.1622,8.0235,5.762,0.3465,1.7074,0
0.1149,0.22,7.1242,8.228,0.986,0.8901,0
0.0779,0.1114,6.6369,4.534,1.2438,1.3427,0
-0.1289,0.0088,6.6067,0,1.1366,1.3196,0
-0.1673,-0.1543,6.0879,0,0.9434,0.2393,0
0.2224,0.1759,6.2367,8.818,1.7552,0.2396,0
-0.3481,0.1672,5.8801,9.808,4.8095,0.0738,0
-0.3257,-0.0332,6.7062,0,0.341,2.2576,0
0.3188,0.5792,4.6135,0,3.91,1.14,0
0.0755,0.1053,6.5255,1.144,0.5657,0.2733,0
0.3397,-0.203,4.1491,0,3.683,0.1149,0
0.0389,-0.0136,5.5188,0,0.9041,0.9974,0
0.1282,0.2114,7.9799,3.84,0.7092,1.4351,0
0.056,0.0861,4.1306,0,0.7857,7.0083,0
-0.9575,-0.3205,4.6508,0,4.7619,0.7182,0
0.108,0.1021,8.5418,3.042,2.9422,0.58,0
0.0579,0.2635,6.6111,1.724,1.3782,0.6332,0
-1.0669,0.1641,5.566,0,1.5209,0.725,0
0.0117,0.2276,6.4652,1.946,1.7368,0.4347,0
-0.7029,0.1773,8.2872,0,2.315,2.1373,0
-0.6452,0.7463,6.3454,0,2.8571,-1.5166,0
-0.7415,-0.4543,4.7347,0,3.1452,0.7278,0
5,0.0348,7.6495,0,0.1692,-2.5758,0
0.0839,0.1743,7.5378,7.182,1.6342,1.4516,0
0.0465,0.092,7.8707,0,2.4921,0.5185,0
0.0639,0.1069,6.135,1.346,1.2612,0.8996,0
-1.349,0.195,5.0861,0,2.6465,-1.2208,0
-0.3403,0.1908,6.2497,0,0.121,-1.2008,0
-0.1451,-0.3064,5.7956,0,0.0808,2.0022,0
0.1767,0.1468,7.3311,2.738,1.9768,0.2048,0
0.1736,0.1759,6.1239,0,1.4938,2.053,0
0.1506,0.207,7.6021,5.07,1.3515,0.1685,0
0.0363,0.0034,8.1717,0,0.5247,0.1149,0
0.069,0.2464,6.2607,0,1.0289,0.8645,0
-1.215,-0.1179,6.5544,1.372,3.2098,0.6087,0
-0.7863,-0.1464,6.0312,0,1.2084,0.7464,0
0.0797,0.0348,5.75,3.194,0.8763,0.3857,0
0.0383,0.2899,6.1531,3.53,2.3109,-1.2608,0
0.0769,-0.0657,7.3498,3.442,3.0882,0.0878,0
-0.4351,0.1441,4.5678,0,1.7994,0.3339,0
-0.1474,-0.4137,4.5867,0,0.4465,0.0183,0
0.0925,0.0732,7.5107,3.262,4.2058,0.4259,0
-0.8998,-0.3351,4.7126,0,2.0493,0.0923,0
0.0861,0.1298,7.7228,7.932,0.7397,0.1598,0
0.0802,-0.043,4.685,0,0.4986,0.3038,0
-0.7857,3.2703,4.8252,0,0.1627,-1.1845,0
0.2578,0.2455,6.2744,11.638,1.085,0.9631,0
-0.1929,-0.2545,4.8363,3.57,1.7544,0.0154,0
0.1229,0.4122,5.1549,9.928,2.1554,0.7141,0
-2.796,-1.8521,6.2016,0,2.1743,2.0365,0
0.1179,0.1323,7.746,4.316,1.2532,0.2488,0
-0.1071,-0.0033,6.222,0,1.0989,0.5767,0
0.0265,0.0399,8.1699,1.654,3.3609,0.5228,0
0.0544,0.0707,9.4439,2.718,0.4144,1.9041,0
0.0605,0.0999,7.8344,1.376,2.5058,0.927,0
-1.7048,0.0226,5.4525,0,5.5624,1.2405,0
-0.1964,0.2933,5.6851,0,0.6897,0.1307,0
-0.0155,-0.0114,7.1291,0,0.0524,-1.6841,0
0.0728,0.0295,7.9951,3.528,1.3739,4.9298,0
0.0483,0.2391,5.0251,0,3.6772,1.0544,0
0.0725,0.0825,8.3458,2.494,3.2918,0.9636,0
0.087,0.0903,7.2288,2.908,1.6397,0.9649,0
0.1767,0.2417,5.4586,6.796,2.959,1.8395,0
0.066,0.1509,6.2663,1.306,1.1905,0.3747,0
0.1062,1.9536,8.8618,4.406,0.9443,-1.4495,0
-0.2317,0.0223,5.2936,1.506,0.803,1.6875,0
-8.6161,-1.3333,3.4748,0,-4,0.7164,0
0.1312,0.1606,7.5773,8.344,0.8026,0.2786,0
-0.4372,0.2206,8.0508,0,0.7612,0.0102,0
-2.6698,-0.625,5.1384,0,0.6857,4.1572,0
0.0145,0.0618,9.1846,0,0.1481,2.198,0
0.1662,-0.1227,5.5303,0,0.5132,1.2567,0
-0.5882,-0.3176,5.8471,0,0.3666,0.2424,0
0.0526,0.1007,8.2795,2.428,1.337,6.9963,0
0.0693,0.1754,7.0369,6.372,0.9875,0.585,0
0.1593,0.1715,6.9839,7.962,0.7486,0.3825,0
-0.0767,-0.4395,4.5053,0,3.0527,0.0195,0
0.133,0.2588,7.7147,4.706,1.6288,7.5483,0
0.1946,0.0425,8.1866,0,0.1611,-2.8022,0
-3.0886,-1.2155,5.5024,0,6.0294,0.4713,0
0.1961,-0.5882,4.8031,0,1.7544,0.824,0
0.1449,0.2193,8.1401,6.7,0.9524,0.7789,0
-1.2489,-4e-04,4.5379,0,-1e-04,3.1967,0
0.0874,0.1304,7.6655,4.858,1.3395,0.0755,0
0.0817,2.1909,7.0492,0.948,1.6739,-1.3818,0
0.014,0.0441,4.9831,0,0.8695,-2.2436,0
-0.4195,0.3627,6.2545,0,4.5611,-1.2558,0
0.0889,0.0885,5.8982,5.146,0.8686,0.6537,0
-0.2468,0.3254,4.7659,0,4.3582,0.5709,0
0.0276,-0.2101,5.4458,0,1.4232,0.2615,0
0.163,0.2649,6.4168,6.376,0.6449,2.2841,0
0.1378,0.3634,3.5776,0,2.7954,0.748,0
0.2635,0.3534,6.3072,12.208,2.4774,0.4871,0
0.1177,0.2146,6.7575,6.52,2.7778,0.7537,0
0.1424,-1.3158,4.0232,0,3.5714,0.784,0
0.0813,-0.0542,4.9135,0,3.6343,1.0884,0
0.5211,0.4981,5.2656,0,3.4038,0.4298,0
0.0125,0.2369,5.0132,0,2.0412,0.6339,0
0.0803,-0.1487,6.1895,0,0.3096,1.0361,0
0.1578,0.5783,5.2996,16.484,1.7427,0.7806,0
0.1639,0.1799,5.2317,9.52,3.125,0.3606,0
0.5743,-0.11,4.5056,0,0.0454,-1.0235,0
0.0462,0.05,9.0974,5.176,2.3276,0.5996,0
-0.1561,-0.0799,5.9123,0,0.4869,6.3905,0
0.1695,0.1175,5.756,6.154,1.1655,1.5829,0
-2.616,-0.0825,5.6345,0,0.0536,-1.1766,0
0.1792,0.2239,6.3244,6.796,0.8518,0.3846,0
0.0912,-0.1017,4.6059,0,4.5455,0.4609,0
0.1548,0.2131,7.8236,1.986,0.7884,0.674,0
0.1389,0.1272,6.9364,6.12,0.5612,1.0016,0
0.0503,0.0709,6.4522,2.098,0.3925,0.745,0
0.1155,0.0468,6.1324,1.194,0.3903,0.4442,0
0.0314,0.0459,6.7217,0,0.6478,0.2615,0
0.1247,0.6204,7.4429,6.232,1.8451,0.2476,0
0.1037,0.1707,9.4928,5.024,0.3618,1.8941,0
0.2675,0.4716,4.6028,0,2.018,0.4921,0
-0.1646,0.0249,4.7988,0,1.544,0.3195,0
-0.0286,-0.3019,5.4585,0,7.0476,0.3165,0
0.0585,0.3374,5.8595,1.686,2.2424,0.5126,0
-0.4419,-0.1753,6.2738,0,9.0909,0.4281,0
-2.0751,-3.3148,6.3596,0,1.3316,1.0277,0
-2.9397,-5.5108,5.3739,0,8.6364,0.1327,0
-0.1883,-0.279,6.1381,0,1.7066,0.8431,0
0.0275,-0.2639,5.1899,0,2.0408,0.2362,0
-0.1556,-0.2825,6.5099,1.01,2,0.3907,0
0.0716,-0.1095,5.8283,7.116,1.9856,1.0783,0
0.0214,0.0526,8.2808,0.72,0.9709,0.7918,0
0.1629,0.207,6.4367,11.574,0.996,0.4052,0
-0.4512,-0.1814,5.8072,0,0.1279,3.2622,0
-0.998,-0.5929,6.0758,0,5.9641,0.1872,0
-0.7783,-0.391,7.0852,0,3.4975,0.1767,0
0.127,0.1585,8.1177,6.494,1.7288,5.8069,0
0.1969,0.0782,7.4256,7.002,3.6508,0.1863,0
0.2632,0.2942,5.6047,12.932,1.8798,0.284,0
-1.9763,0.1866,5.7464,8.066,2.7035,0.2822,0
0.1179,0.3975,5.222,1.12,1.6182,0.7904,0
0.1742,0.2673,6.3676,9.968,1.205,0.5173,0
0.0454,-0.082,5.6537,0,1.7877,-1.4477,0
0.0322,0.1629,7.0226,2.914,2.5703,0.3965,0
-0.3725,-0.0923,5.5281,0,0.5113,0.4719,0
0.5417,0.79,4.3477,0,3.3333,3.3635,0
-0.0592,-0.0973,4.7301,0,9.6364,0.2348,0
-0.2172,-0.5354,4.4012,0,-0.0639,0.1626,0
0.1397,0.1759,6.0565,3.722,0.4794,0.3931,0
-0.4706,0.2447,4.8397,0,3.153,0.3343,0
-0.3602,0.3417,4.1646,0,1.312,0.9245,0
-0.3693,-0.0232,5.4232,0,0.159,0.677,0
-0.568,0.1701,4.6634,8,0.1122,0.2398,0
-0.4848,-0.3184,4.9475,0,0.926,0.6262,0
0.3226,0.3073,4.8979,0,0.11,1.5812,0
-0.9095,-1.4671,4.1714,0,0.1834,0.1506,0
-0.7883,-0.9279,5.0052,0,0.0282,0.4912,0
0.3854,-0.1664,4.5455,0,0.429,1.5107,0
0.0599,0.0599,6.3801,5.51,1.608,0.0338,0
-0.0336,-0.0647,5.2713,0,0.1922,0.0365,0
0.2977,0.89,4.2513,0,0.69,1.0555,0
0.1598,0.1582,6.0185,3.626,0.1088,0.8578,0
-0.5934,-0.2646,5.0023,0,0.192,0.6595,0
-0.2969,-0.1675,3.3604,0,0.79,0.9525,0
0.049,0.0506,6.4104,3.23,1.05,0.3353,0
0.2273,0.0575,5.3471,0,0.706,2.7247,0
0.2337,0.3245,5.1912,6.658,5.67,0.4627,0
0.0582,0.0954,8.0934,5.64,0.978,0.3081,0
0.1166,0.1667,7.1466,3.81,10.12,0.7043,0
0.1796,-0.8854,5.3631,0,0.3216,0.9401,0
-0.0187,0.0192,7.1593,1.062,3.1131,0.9375,0
-0.7024,-3.7912,4.82,0,0.3249,0.8435,0
0.14,-0.0324,4.3621,4.75,0.7048,0.5315,0
0.0757,-0.1317,6.6259,0,0.0642,0.8435,0
-0.0933,-0.0694,5.3434,2.22,0.4134,0.0522,0
-0.2812,-0.1807,4.9189,4.26,1.4493,2.0643,0
-0.9326,0.4416,4.6893,0,0.5286,2.8929,0
0.0588,0.021,8.3332,3.484,1.2646,0.6871,0
-0.3006,-1.5227,4.9229,0,0.257,0.5799,0
-0.6751,-0.6487,5.4918,0,0.1837,0.0938,0
0.0549,0.042,8.2459,0,4.6753,0.2889,0
-2.8046,-0.567,5.7474,0,0.6428,1.0643,0
-0.2733,0.0409,7.8642,0,4.1029,0.931,0
-0.2202,0.0972,7.1831,0,0.7734,1.6858,0
0.2295,0.7026,4.2434,6.462,3.9385,0.4356,0
0.0774,0.1014,7.8784,1.798,0.3541,0.9923,0
-0.1704,0.1389,5.5712,3.06,0.9901,0.3869,0
-0.3775,0.0614,4.5677,0,0.7683,0.6131,0
0.2875,0.3614,6.0288,1.92,1.8806,0.2144,0
-1.7607,-0.6446,5.3129,0,1.1259,1.6786,0
0.0503,-1.6041,5.4347,0,2.7962,0.5187,0
0.6103,0.6202,7.4807,9.096,3.6374,-1.2775,0
0.4444,0.9557,4.8863,8.334,3.833,1.7011,0
-0.1165,-0.1791,4.9423,0,0.5432,0.6392,0
-1.3767,0.4629,4.5352,0,2.7185,1.4311,0
-0.4876,-2.2958,5.8245,0,-1.0739,1.5088,0
0.1053,0.1829,7.764,9.166,1.0291,0.2009,0
-0.1673,-0.0477,6.6661,0,0.3396,0.1835,0
0.3818,0.3487,5.4806,9.748,2.3044,0.1769,0
0.0441,-0.0131,6.7173,2.868,1.1525,0.2386,0
0.1919,0.3604,5.8069,5.93,2.0929,1.1522,0
0.0866,0.0961,7.5394,0,1.0649,2.225,0
0.0686,0.0658,7.6452,0,2.5818,0.4618,0
-0.9029,-1.3769,5.5115,0,1.4446,-1.3679,0
0.1493,0.0515,6.8582,0,3.5714,0.0891,0
0.0169,-0.2747,5.5042,0,0.5181,0.7676,0
0.1027,0.0338,5.081,7.272,1.441,0.239,0
-2.44,-0.6098,3.9671,0,0.0453,4.7588,0
-2.3275,-3.2903,5.7327,0,7.1429,1.7645,0
-1.4207,0.4584,5.811,6.136,8.9394,1.9723,0
0.1934,0.5595,4.7982,0,4.513,0.3927,0
0.0437,-0.1045,5.0505,0,1.5385,2.0436,0
-0.42,0.0534,4.4926,0,3.4483,0.005,0
0.132,0.3445,6.3168,3.256,0.7615,-1.8018,0
-0.0475,0.0164,4.8426,0,0.9027,0.4817,0
0.0749,-0.0092,4.1537,3.12,1.7857,0.6862,0
0.1217,0.2213,5.2801,8.65,1.1193,0.1725,0
0.2213,2.2312,10.1181,10.154,1.1142,0.5402,0
0.1825,0.2339,5.8039,5.758,1.2227,1.3956,0
0.0144,-0.2475,5.3572,0,2.5412,0.3607,0
0.6546,-0.2093,5.5695,3.846,1.9614,0.6172,0
0.0725,0.1247,5.3953,4,4,0.3232,0
0.0465,-0.0027,5.8534,0,1.6028,0.4734,0
-2.7275,-0.0675,6.1102,0,0.4147,0.3472,0
0.0895,0.1648,6.0948,0,0.5997,7.6469,0
-0.2014,-0.165,3.3878,0,1,1.0124,0
-0.2034,-0.3462,5.5233,0,1.3027,0.9107,0
0.0126,-0.1378,5.3315,0,2.8369,1.9396,0
0.1931,0.1986,7.0802,7.916,1.558,-1.395,0
0.4693,-0.2931,7.4107,0,0.497,1.48,0
0.0434,0.0265,7.0018,0.952,0.2882,0.6341,0
-0.1847,-0.5322,4.5229,0,0.873,0.6623,0
0.1754,0.2532,5.3041,12.5,2,0.3099,0
0.1859,0.2769,6.1625,10.74,1.055,0.3284,0
0.0103,-0.0347,7.7592,4.42,2.5385,0.2261,0
-0.3476,-0.6897,6.5218,0,6.6667,0.8393,0
-3.8006,-4.5455,4.6082,0,0.5556,0.5345,0
0.2221,-0.2449,5.0997,5.502,1.5852,0.3884,0
-1.9105,-1.5426,5.5448,0,0.761,0.0671,0
0.0124,-0.0779,7.3358,0,0.1606,0.2785,0
0.1197,0.2371,4.5555,8.376,2.371,0.1531,0
0.0406,-1.8316,5.6811,0,0.5807,0.1376,0
0.0809,0.2838,5.5818,0,11.1111,0.7272,0
0.2101,0.1282,7.3673,4.46,2.7035,0.3469,0
-0.1837,-0.11,5.9705,0,0.1694,1.4948,0
-1.3939,-0.8563,6.2201,0,1.2663,0.7542,0
-0.9,-0.6849,5.6669,0,0.1869,1.4287,0
0.0733,-0.5839,4.6442,0,2.621,1.1072,0
0.0729,-0.0243,6.5645,9.338,1.1193,0.1503,0
-11.836,1.9937,6.7053,0,0.3257,-1.3808,0
0.0962,0.1087,6.158,3.43,1.6667,0.313,0
0.125,0.3181,4.9507,11.808,0.9962,1.3436,0
0.1161,0.17,4.1234,0,3.25,0.8322,0
0.1219,0.1993,5.2062,1.176,2.8254,2.1199,0
0.1109,0.1992,6.7362,7.096,2.5648,0.2833,0
0.0472,0.047,9.0716,4.58,0.2422,0.1839,0
0.0635,0.0461,6.8043,9.074,2.8918,1.0364,0
-4.5359,-3.6041,3.3265,0,1.8673,-1.5997,0
0.1454,1.8645,7.8037,4.294,0.8587,-1.3278,0
0.0763,1.1017,5.7874,3.47,1.3124,0.4004,0
-0.0572,-0.0484,5.2422,0,0.1662,0.0734,0
-1.0802,-0.2377,6.388,0,0.0352,11.8291,0
0.0176,-0.026,7.4595,0,1.3529,0.0079,0
-0.0378,-0.0964,5.8861,0,0.1821,0.3745,0
0.0082,-0.1362,5.8768,0,2.1277,0.3107,0
0.1062,0.4786,7.4595,7.596,2.3742,-1.5973,0
0.0728,0.0937,6.8294,1.336,0.6428,0.6671,0
0.0518,0.0591,9.4637,2.534,1.6134,-1.8251,0
0.0536,0.0298,6.7131,0,0.2339,0.8433,0
0.0738,0.0544,7.9586,3.48,0.4961,0.0846,0
0.3154,0.252,6.0255,5.544,4.9524,0.3399,0
0.137,0.9004,6.6233,6.626,0.9012,-2.9231,0
0.0538,0.0578,6.1801,0,1.3315,1.3271,0
0.1007,0.956,7.2197,5.154,1.2682,-3.1971,0
-0.2852,0.0191,6.9989,0,0.5382,0.1834,0
0.0287,0.0978,8.1977,0,0.4935,1.0096,0
0.1299,0.1655,7.9038,3.368,1.019,0.9793,0
-0.2723,-0.1406,5.9847,0,0.5955,1.4849,0
0.0695,0.2226,5.2548,0,2.0582,0.2465,0
0.018,-0.2988,5.4945,0,2.6046,0.1575,0
-0.4572,-0.7874,6.5271,0,1.0243,1.2739,0
-0.0893,-0.1069,5.3324,0,2.4197,0.2786,0
-0.6101,-0.2713,4.7578,0,0.9874,1.3009,0
0.0495,0.021,4.5024,0,10,0.0627,0
0.186,0.283,7.3362,5.062,3.7057,0.7237,0
0.0692,1.0411,6.7176,3.046,1.7847,-1.4967,0
0.0049,0.0851,6.6941,1.626,2.4192,0.3667,0
-4.9548,-7.7289,4.1575,0,1.7509,0.6028,0
-1.56,-0.1681,5.1492,0,7.6923,0.705,0
0.2488,-0.1247,5.4739,0,1.2592,-1.3051,0
0.4133,0.3063,4.9035,15.7,1.359,4.5924,0
0.0585,0.06,6.7654,1.836,3.2473,0.6158,0
-0.0919,-0.3938,5.1645,0,0.4478,0.3467,0
0.0773,-9e-04,6.5811,0,3.7342,0.2691,0
0.0966,0.1858,6.7637,5.268,1.4754,0.4767,0
0.2195,0.2586,6.7763,4.14,1.3239,0.3443,0
0.2253,2.8555,9.814,6.918,1.4726,1.2687,0
0.1762,0.1934,4.7745,4.524,3.4975,1.7101,0
-7.6879,-1.9517,4.5675,0,-0.0838,0.1028,0
-0.0624,0.128,6.9057,10.404,2.1571,1.0124,0
-0.0487,0.0925,8.6453,0,0.9095,0.2184,0
-0.1189,-0.1343,6.6574,0,0.7471,0.1929,0
-3.6349,-0.2174,5.3211,0,3.6571,0.5372,0
-1.6206,-1.2122,5.2696,0,2.7359,2.2583,0
0.2093,0.1019,6.3926,8.364,0.6043,0.9752,0
-0.0548,-0.1429,6.641,3.21,1,0.7725,0
0.013,-0.5636,4.9632,0,4.5963,0.6302,0
-0.5094,-0.3682,3.4808,0,4.5996,0.1468,0
0.0577,0.0776,5.5229,2.11,1.5625,0.5546,0
-0.042,0.0786,9.2856,0,1.1383,1.4636,0
-2.25,-0.8621,4.3127,0,1.2821,0.8827,0
-0.376,-0.0426,4.9647,0,3.3563,0.4966,0
0.3313,0.9418,4.3445,5.216,2.428,2.1562,0
0.0215,0.0987,5.6787,0,1.0332,0.8751,0
0.4108,0.3681,4.7707,0,6.3431,1.5311,0
-0.2319,-0.1104,6.9761,0,0.8103,0.4439,0
0.2419,0.1885,5.4494,5.368,1.0764,0.8666,0
0.2605,0.3457,5.611,7.798,1.1241,0.297,0
0.027,0.1376,7.3545,1.926,2.8793,0.3658,0
0.0349,0.0489,6.758,0,0.5741,0.2623,0
3.3333,0.3318,4.5135,0,-0.1866,-5.4023,0
-0.5361,0.0583,6.8187,0,0.8595,1.3759,0
0.0523,0.0641,6.4351,0,1.2924,0.414,0
-0.075,-0.0419,4.8712,0,1.087,0.4182,0
0.1522,0.0623,7.2491,2.206,0.5447,0.7629,0
-2.6458,-1.1259,3.6611,0,-10.3333,-2.2058,0
0.0842,0.1052,9.7627,3.946,1.6453,0.3136,0
0.1214,0.2426,5.7488,8.292,1.3897,0.3859,0
-0.0724,-0.0731,6.2973,0,0.2208,2.9195,0
-0.1264,0.1125,6.5282,1.804,6.6667,0.1425,0
0.2132,-0.0476,6.2286,2.874,1.6346,2.8305,0
0.1695,0.2331,5.7515,1.29,1.9608,0.4155,0
0.0984,0.1153,6.2088,9.836,3.9692,0.2547,0
0.154,0.2457,5.2257,7.882,3.9407,0.7272,0
-0.1337,-0.0596,6.2787,0,0.1224,0.8753,0
0.2244,0.1521,7.7927,3.742,1.3066,0.2617,0
0.1087,0.1431,6.7058,5.828,0.9177,0.5719,0
0.0966,0.1187,8.1399,2.564,0.857,1.0945,0
-0.6612,0.1372,6.9681,0,0.0347,-1.3621,0
0.1213,-0.3103,5.5595,0.696,0.9452,0.3783,0
0.1107,0.2374,7.5586,3.158,0.5778,2.241,0
-1.5385,-3.4483,4.0053,0,-12.5,1.9537,0
-0.0872,-0.2575,5.927,0,0.1114,0.9708,0
0.0093,0.0058,6.6729,0,1.0309,0.101,0
0.0478,0.0693,5.8517,2.21,2.0408,0.2718,0
0.105,0.1415,8.4679,4.542,0.4085,0.5517,0
-2.0285,-1.1523,6.3589,0,0.0963,2.5888,0
-0.7843,-0.0014,5.3536,0,-0.3293,-1.3629,0
0.0925,0.0735,7.2909,0,2.7786,0.3854,0
0.0913,0.1128,6.6377,8.708,2.6885,0.052,0
0.1564,0.1004,6.2601,0,1.1099,0.0092,0
0.1257,0.2207,7.2313,3.188,2.4181,0.6157,0
0.0548,0.1141,8.9091,3.182,0.5709,-1.3806,0
-0.1017,-0.0267,5.6879,0,0.4737,0.3233,0
0.018,0.2637,6.0682,0,1.3851,0.3533,0
0.0849,0.1517,6.8858,0,3.3793,0.2591,0
0.1333,0.0837,6.1025,5.41,0.3876,1.0821,0
0.0096,0.3364,5.2954,3.184,1.9164,1.374,0
0.329,0.6084,4.977,0,0.2898,-5.2651,0
0.0495,-0.4701,7.1818,0,3.5256,0.228,0
0.0963,0.1262,8.0868,2.044,0.3814,-1.2173,0
0.0766,0.6791,7.5554,0,0.4205,0.5293,0
0.1961,0.2653,6.246,8.33,1.2821,0.7821,0
0.088,0.148,6.8672,4.634,0.8572,0.5595,0
-2.2222,-0.885,3.563,0,-3.125,2.9913,0
0.0404,0.1151,6.5689,4.578,1.1883,1.5005,0
0.0049,0.0063,9.0944,0.46,1.1338,0.6261,0
0.1985,0.1927,6.3488,12.322,0.9348,0.6459,0
-0.0609,0.8651,4.8841,2.214,4.7619,0.4898,0
-0.3518,-0.2906,5.457,0,0.645,0.3957,0
0.1441,0.1568,5.7685,3.436,0.6641,2.7923,0
-0.1852,0.103,4.916,0,0.7407,0.0603,0
0.1484,-1.5061,3.709,0,-1.2756,9.9309,0
-0.2159,-0.0034,5.9551,0,0.3618,0.2989,0
0.0376,0.0198,4.2985,1.36,1.5294,0.0038,0
-3.0797,-0.7475,5.1004,0,1.05,0.3059,0
0.0666,0.0362,6.4077,0.474,0.4092,0.6498,0
0.0281,0.0615,6.0118,7.888,0.3141,4.3438,0
-0.1887,0.2092,5.9017,0,3.4648,0.9909,0
-0.4747,-0.4221,6.0069,0,-0.0754,1.7013,0
0.0432,-0.0195,6.0058,2.82,0.2734,0.9604,0
0.0795,0.0818,7.4357,4.374,0.7648,0.2949,0
0.1695,0.3268,4.6476,5.87,1.5625,0.3264,0
0.2099,0.4779,4.9724,0,2.803,0.7238,0
-2.1628,-0.5618,3.3485,0,-1.0101,-4.019,0
-0.31,-0.3245,7.1018,0,1.0063,0.5724,0
-1.7219,-1.5534,3.5192,0,4.0322,0.517,0
0.0903,0.152,7.1237,6.19,0.9561,0.4864,0
-1.3245,-0.9241,7.1582,0,0.4799,-1.2925,0
0.0049,0.1185,4.3012,4.59,6.6667,0.0153,0
0.3425,0.4224,5.7624,0,5.8824,1.7956,0
-0.6008,0.4998,5.1179,0,0.8352,0.3891,0
0.1333,0.0999,5.2983,2.5,0.3279,4.1111,0
0.0282,0.08,6.3434,0,1.3373,1.0865,0
-0.0607,-0.0236,4.7185,3.57,1.7857,0.0704,0
-1.2794,-0.3719,4.7727,0,10.6667,0.3543,0
0.1235,0.1706,8.8993,4.886,0.8252,8.5823,0
-2.3374,0.4679,3.9762,0,2.2916,0.3981,0
0.1421,0.1482,8.8282,5.206,1.0871,8.2502,0
0.0998,0.1904,6.7544,4.474,5.2105,0.3475,0
-0.0706,0.3779,5.5991,0,5.4386,0.4674,0
0.0517,0.0747,6.6238,2.76,1.0275,0.5119,0
0.0752,0.1404,6.534,1.89,3.0303,0.6281,0
-0.0514,0.3406,5.1459,0,5.6209,0.8199,0
0.3379,0.31,5.2993,10.382,2.4274,1.9186,0
-0.0893,-0.9709,4.4699,0,3.3333,1.2894,0
0.5497,0.1173,7.2345,5.052,1.5487,0.5277,0
-1.2021,-0.1212,5.6104,0,1.3727,0.3076,0
0.2242,0.8668,4.5718,6.996,7.3626,0.3788,0
0.1033,0.0949,6.1959,1.958,0.3804,0.9182,0
0.2718,0.3002,5.1206,10.052,2.1014,1.3412,0
-0.3394,-0.1677,6.1944,0,0.8838,0.5365,0
0.1166,1.7513,7.8554,3.056,1.1764,-9.6231,0
0.0923,0.1641,4.9302,4.464,4.4697,0.8871,0
0.0248,0.0865,5.5641,0,1.3889,0.2586,0
0.127,0.0073,5.1792,0,0.5964,4.4427,0
0.1629,0.3271,6.5433,9.358,1.0418,0.3868,0
0.1458,0.3407,5.5465,9.696,2.2944,0.3095,0
0.1409,1.5392,7.2198,8.692,2.1192,0.2445,0
-2.3682,-1.2324,4.2294,0,1.4544,0.3073,0
-0.4677,0.1247,5.5899,5.956,6.7619,0.5424,0
-0.8849,-0.2175,5.9868,17.018,1.65,0.0922,0
0.1578,0.1121,9.2588,6.37,0.3221,0.5914,0
-0.1001,0.1244,6.516,0,2.7821,0.1901,0
0.0239,0.0159,5.8542,0,0.559,0.0069,0
0.0772,0.0327,7.9266,4.878,0.3303,0.3948,0
0.1447,0.2947,6.9895,3.774,1.6247,0.5565,0
0.0394,0.0324,6.9378,1.27,0.8139,0.6896,0
0.1153,0.1958,5.7867,0,2.9244,0.242,0
