1m,3m,6m,9m,12m,18m,2y,3y,4y,5y,7y,10y,15y
0.34,0.51,0.7,0.79,0.84,0.9,0.93,1.24,1.4,1.65,1.93,2.16,2.33
0.29,0.36,0.73,0.79,0.82,0.9,0.94,1.25,1.41,1.64,1.9,2.12,2.3
0.32,0.42,0.78,0.8,0.81,0.88,0.92,1.25,1.42,1.65,1.91,2.11,2.27
0.29,0.4,0.7,0.76,0.78,0.89,0.94,1.23,1.37,1.63,1.92,2.13,2.28
0.3,0.55,0.74,0.78,0.79,0.89,0.94,1.24,1.39,1.64,1.92,2.12,2.28
0.32,0.52,0.8,0.78,0.76,0.9,0.96,1.26,1.41,1.65,1.93,2.14,2.3
0.29,0.53,0.7,0.74,0.76,0.87,0.93,1.24,1.39,1.64,1.92,2.13,2.3
0.29,0.39,0.69,0.73,0.75,0.89,0.95,1.24,1.38,1.62,1.9,2.1,2.26
0.33,0.43,0.78,0.78,0.78,0.9,0.96,1.25,1.4,1.64,1.91,2.12,2.27
0.3,0.45,0.78,0.77,0.77,0.94,1.02,1.29,1.42,1.66,1.93,2.13,2.29
0.29,0.51,0.81,0.8,0.79,0.97,1.06,1.31,1.44,1.67,1.93,2.13,2.28
0.29,0.46,0.81,0.82,0.82,0.97,1.05,1.32,1.45,1.68,1.94,2.13,2.28
0.29,0.49,0.72,0.76,0.78,0.91,0.98,1.22,1.34,1.56,1.81,1.99,2.14
0.29,0.41,0.68,0.75,0.78,0.87,0.91,1.16,1.29,1.5,1.75,1.93,2.07
0.33,0.39,0.66,0.74,0.78,0.87,0.92,1.16,1.28,1.48,1.71,1.88,2.01
0.29,0.47,0.74,0.78,0.8,0.92,0.98,1.13,1.2,1.39,1.59,1.75,1.87
0.29,0.47,0.77,0.81,0.83,0.97,1.04,1.2,1.28,1.44,1.62,1.75,1.86
0.33,0.57,0.79,0.81,0.82,0.98,1.06,1.15,1.2,1.36,1.55,1.7,1.81
0.3,0.42,0.86,0.84,0.83,1.02,1.11,1.21,1.26,1.41,1.59,1.73,1.83
0.32,0.53,0.84,0.84,0.84,0.98,1.05,1.2,1.28,1.42,1.58,1.7,1.8
0.33,0.57,0.86,0.86,0.86,0.98,1.04,1.2,1.29,1.42,1.57,1.68,1.77
0.29,0.53,0.86,0.85,0.84,0.96,1.01,1.16,1.23,1.36,1.51,1.62,1.71
0.32,0.64,0.86,0.87,0.87,0.98,1.04,1.12,1.15,1.29,1.44,1.56,1.65
0.34,0.51,0.86,0.85,0.85,0.94,0.99,1.11,1.17,1.23,1.29,1.7,2.24
0.33,0.47,0.78,0.79,0.79,0.85,0.88,1,1.06,1.15,1.25,1.64,2.11
0.33,0.45,0.71,0.75,0.77,0.78,0.79,0.9,0.96,1.1,1.25,1.62,2.05
0.33,0.56,0.81,0.81,0.8,0.88,0.92,1.03,1.09,1.16,1.25,1.6,2.04
0.34,0.55,0.85,0.86,0.86,0.95,0.99,1.13,1.21,1.3,1.4,1.75,2.17
0.35,0.56,0.86,0.85,0.84,0.95,1,1.14,1.21,1.31,1.43,1.76,2.15
0.33,0.67,0.86,0.84,0.83,0.92,0.96,1.08,1.13,1.25,1.38,1.73,2.14
0.32,0.61,0.87,0.85,0.84,0.93,0.97,1.11,1.17,1.28,1.4,1.77,2.22
0.33,0.57,0.88,0.87,0.87,0.97,1.02,1.16,1.23,1.35,1.49,1.83,2.23
0.34,0.58,0.89,0.87,0.86,1.03,1.11,1.25,1.32,1.43,1.55,1.88,2.26
0.32,0.55,0.89,0.86,0.84,0.97,1.03,1.2,1.29,1.42,1.56,1.86,2.2
0.33,0.7,0.87,0.86,0.86,1.02,1.1,1.27,1.36,1.5,1.66,1.94,2.25
0.32,0.47,0.84,0.85,0.86,0.97,1.03,1.2,1.29,1.41,1.55,1.85,2.2
0.33,0.44,0.83,0.85,0.86,0.93,0.97,1.18,1.28,1.38,1.49,1.81,2.19
0.33,0.55,0.82,0.85,0.87,0.93,0.96,1.19,1.3,1.38,1.46,1.79,2.19
0.34,0.59,0.77,0.81,0.83,0.92,0.96,1.16,1.27,1.36,1.46,1.79,2.19
0.32,0.59,0.85,0.87,0.89,1.01,1.07,1.24,1.32,1.4,1.48,1.81,2.2
0.33,0.68,0.87,0.87,0.88,1.02,1.09,1.24,1.31,1.39,1.47,1.8,2.2
0.34,0.59,0.86,0.86,0.87,1.02,1.09,1.26,1.34,1.42,1.5,1.84,2.26
0.33,0.75,0.83,0.86,0.88,1.04,1.12,1.29,1.37,1.42,1.48,1.83,2.27
0.32,0.74,0.83,0.87,0.89,1.03,1.1,1.23,1.3,1.36,1.43,1.8,2.26
0.75,0.82,0.81,0.91,0.95,1.08,1.15,1.27,1.33,1.4,1.48,1.85,2.3
0.79,0.85,0.86,0.95,1,1.18,1.28,1.42,1.49,1.54,1.6,1.95,2.4
0.83,0.9,0.92,1,1.04,1.22,1.31,1.47,1.55,1.64,1.74,2.05,2.44
0.87,0.91,0.94,1.03,1.08,1.2,1.27,1.51,1.63,1.82,2.04,2.21,2.34
0.94,0.97,0.96,1.06,1.1,1.22,1.27,1.51,1.64,1.82,2.04,2.21,2.35
0.96,0.96,0.99,1.07,1.1,1.2,1.25,1.51,1.64,1.8,1.99,2.19,2.38
0.97,0.98,1.02,1.08,1.11,1.21,1.27,1.51,1.62,1.78,1.96,2.18,2.41
0.99,0.98,1.04,1.09,1.12,1.23,1.29,1.51,1.61,1.76,1.92,2.17,2.44
0.99,0.99,1.01,1.08,1.12,1.17,1.2,1.41,1.51,1.64,1.78,2.09,2.44
0.99,0.98,1.03,1.08,1.1,1.25,1.32,1.49,1.58,1.74,1.92,2.19,2.46
0.99,0.99,1.01,1.09,1.14,1.25,1.3,1.55,1.67,1.82,1.99,2.21,2.42
1.01,0.94,1.13,1.16,1.17,1.27,1.32,1.59,1.73,1.87,2.03,2.22,2.4
0.57,1.06,1.14,1.21,1.24,1.35,1.4,1.62,1.74,1.89,2.06,2.19,2.28
1.06,0.98,1.14,1.23,1.28,1.39,1.45,1.65,1.76,1.91,2.09,2.22,2.32
0.63,1.08,1.11,1.21,1.25,1.35,1.4,1.6,1.71,1.86,2.04,2.17,2.27
1.11,1.12,1.18,1.21,1.22,1.34,1.4,1.55,1.62,1.79,1.99,2.14,2.26
1.14,1.16,1.19,1.21,1.23,1.34,1.4,1.49,1.54,1.73,1.94,2.09,2.22
1.12,1.15,1.19,1.21,1.22,1.34,1.4,1.51,1.56,1.74,1.93,2.08,2.2
1.13,1.17,1.18,1.21,1.23,1.36,1.42,1.46,1.48,1.67,1.88,2.04,2.16
1.13,1.16,1.17,1.18,1.18,1.32,1.39,1.44,1.47,1.66,1.87,2.03,2.16
1.12,1.15,1.17,1.19,1.2,1.33,1.4,1.4,1.41,1.61,1.85,2.03,2.16
1.06,1.08,1.1,1.11,1.11,1.26,1.33,1.25,1.2,1.45,1.73,1.94,2.11
1,1.01,1.03,1.03,1.03,1.19,1.27,1.19,1.15,1.41,1.7,1.92,2.09
1.02,1.03,1.05,1.04,1.04,1.16,1.23,1.16,1.13,1.37,1.64,1.84,2
1.04,1.05,1.08,1.07,1.07,1.19,1.25,1.16,1.11,1.37,1.66,1.88,2.05
1.02,1.06,1.09,1.08,1.07,1.2,1.27,1.15,1.1,1.36,1.66,1.88,2.06
1.04,1.1,1.11,1.09,1.08,1.23,1.3,1.15,1.07,1.34,1.65,1.88,2.06
1.05,1.08,1.1,1.09,1.08,1.19,1.24,1.21,1.2,1.41,1.65,1.83,1.97
1.1,1.12,1.11,1.11,1.1,1.23,1.3,1.28,1.27,1.48,1.73,1.92,2.07
1.13,1.14,1.12,1.14,1.15,1.25,1.31,1.29,1.29,1.51,1.76,1.94,2.09
1.12,1.15,1.15,1.13,1.12,1.28,1.36,1.32,1.29,1.52,1.77,1.97,2.12
1.15,1.17,1.18,1.15,1.14,1.31,1.39,1.35,1.32,1.55,1.82,2.02,2.17
1.16,1.16,1.17,1.19,1.2,1.3,1.35,1.32,1.3,1.54,1.82,2.03,2.19
1.16,1.14,1.19,1.2,1.21,1.33,1.38,1.35,1.33,1.58,1.87,2.09,2.26
1.15,1.17,1.17,1.21,1.23,1.32,1.36,1.3,1.27,1.54,1.86,2.09,2.27
1.28,1.3,1.28,1.31,1.33,1.43,1.48,1.36,1.3,1.56,1.86,2.09,2.27
1.31,1.33,1.34,1.35,1.35,1.5,1.58,1.47,1.42,1.66,1.93,2.13,2.29
1.28,1.36,1.41,1.47,1.5,1.61,1.67,1.58,1.53,1.75,2,2.18,2.33
1.35,1.4,1.43,1.48,1.5,1.58,1.62,1.56,1.53,1.76,2.02,2.22,2.37
1.34,1.31,1.47,1.53,1.56,1.57,1.58,1.59,1.59,1.8,2.03,2.21,2.35
1.34,1.38,1.44,1.55,1.6,1.62,1.62,1.63,1.64,1.81,2,2.15,2.27
1.31,1.41,1.43,1.56,1.62,1.64,1.64,1.65,1.65,1.84,2.06,2.22,2.35
1.49,1.52,1.48,1.8,1.96,2.02,2.05,2.01,1.99,2.11,2.25,2.36,2.44
1.37,1.34,1.62,1.71,1.76,1.99,2.11,1.97,1.91,2.09,2.31,2.47,2.6
1.42,1.53,1.64,1.86,1.97,2.07,2.13,2.01,1.95,2.15,2.39,2.56,2.7
1.49,1.5,1.37,1.67,1.83,1.99,2.08,1.97,1.92,2.14,2.39,2.57,2.72
1.53,1.51,1.44,1.67,1.79,1.91,1.97,1.89,1.86,2.06,2.29,2.47,2.61
1.57,1.63,1.72,1.76,1.77,1.79,1.8,1.81,1.82,2,2.2,2.36,2.48
1.62,1.59,1.76,1.82,1.85,1.88,1.9,1.98,2.02,2.18,2.36,2.5,2.61
1.36,1.61,1.52,1.71,1.81,1.9,1.95,1.97,1.98,2.16,2.37,2.53,2.65
1.39,1.64,1.48,1.71,1.83,1.95,2,2,2,2.19,2.41,2.58,2.7
1.71,1.77,1.67,1.87,1.97,2.07,2.12,2.15,2.16,2.28,2.43,2.53,2.62
1.34,1.56,1.68,1.73,1.76,1.89,1.95,2.01,2.05,2.19,2.35,2.48,2.57
1.26,1.63,1.66,1.71,1.74,1.91,1.99,2.07,2.11,2.25,2.41,2.53,2.62
1.44,1.49,1.5,1.62,1.68,1.74,1.77,1.93,2.01,2.18,2.38,2.53,2.64
1.62,1.63,1.47,1.6,1.67,1.74,1.77,1.88,1.94,2.09,2.27,2.41,2.52
1.66,1.66,1.55,1.67,1.73,1.79,1.83,1.93,1.98,2.11,2.25,2.37,2.45
1.77,1.77,1.77,1.83,1.86,1.89,1.91,2.05,2.12,2.21,2.32,2.41,2.47
1.82,1.84,1.84,1.92,1.96,2.02,2.05,2.14,2.19,2.28,2.38,2.46,2.52
1.67,1.84,1.92,1.97,1.99,2.12,2.18,2.2,2.22,2.33,2.46,2.56,2.64
1.54,1.75,1.82,1.93,1.98,2.14,2.22,2.22,2.21,2.37,2.55,2.68,2.78
1.5,1.8,1.75,1.86,1.91,2.08,2.17,2.2,2.21,2.32,2.44,2.53,2.6
1.73,1.94,2.03,2.06,2.07,2.2,2.26,2.27,2.27,2.35,2.44,2.51,2.57
1.96,2.03,1.93,2.02,2.06,2.22,2.3,2.29,2.29,2.37,2.47,2.54,2.59
1.83,1.89,1.9,1.97,2,2.17,2.25,2.24,2.24,2.36,2.51,2.66,2.79
2.02,2.04,1.92,2.06,2.13,2.25,2.3,2.3,2.3,2.42,2.56,2.73,2.89
2,2.04,1.97,2.12,2.19,2.25,2.28,2.36,2.4,2.51,2.63,2.79,2.94
2.11,2.27,2.26,2.42,2.5,2.53,2.54,2.52,2.51,2.69,2.91,2.98,3
1.86,2.31,2.41,2.59,2.68,2.71,2.73,2.76,2.78,2.99,3.24,3.27,3.2
1.68,1.99,2.15,2.31,2.39,2.49,2.53,2.57,2.58,2.75,2.95,3.02,3.02
1.91,2.08,2.09,2.29,2.39,2.36,2.35,2.49,2.56,2.71,2.88,2.96,2.99
1.78,1.88,2.11,2.29,2.38,2.28,2.22,2.52,2.66,2.78,2.92,2.99,3.02
1.32,1.5,1.7,1.92,2.03,2.14,2.2,2.33,2.4,2.46,2.53,2.64,2.76
0.93,1.21,1.3,1.58,1.72,1.85,1.92,2.15,2.26,2.35,2.46,2.61,2.77
1.19,1.48,1.46,1.52,1.55,1.85,1.99,2.17,2.25,2.4,2.56,2.71,2.83
1.27,1.38,1.2,1.45,1.58,1.79,1.9,2.02,2.08,2.2,2.33,2.51,2.68
0.95,0.79,0.72,1,1.14,1.39,1.51,1.71,1.81,2.04,2.3,2.48,2.62
0.85,0.87,0.66,0.94,1.09,1.23,1.3,1.55,1.68,1.98,2.33,2.47,2.52
0.98,1.02,0.6,0.88,1.02,1.23,1.33,1.55,1.66,1.93,2.24,2.46,2.61
0.65,0.62,0.05,0.57,0.85,1.08,1.2,1.44,1.57,1.81,2.09,2.36,2.62
0.58,0.62,0.53,0.69,0.77,1.13,1.31,1.62,1.77,2.03,2.32,2.48,2.57
0.59,0.6,0.58,0.59,0.59,0.93,1.1,1.44,1.61,1.88,2.18,2.45,2.67
0.64,0.66,0.66,0.49,0.4,0.92,1.18,1.5,1.65,1.91,2.21,2.41,2.56
1.03,0.98,0.84,0.72,0.66,1.04,1.24,1.54,1.69,1.96,2.27,2.45,2.57
0.85,0.97,0.85,0.83,0.82,1.23,1.43,1.68,1.8,2.03,2.3,2.45,2.55
0.77,0.97,0.99,0.99,0.99,1.36,1.55,1.79,1.91,2.1,2.33,2.46,2.53
0.87,1.02,0.98,0.96,0.96,1.36,1.56,1.79,1.9,2.09,2.31,2.47,2.59
0.95,1,0.86,1.06,1.16,1.47,1.62,1.87,1.99,2.16,2.35,2.5,2.61
1.1,1.11,1.12,1.25,1.32,1.65,1.82,2.01,2.1,2.26,2.45,2.61,2.74
1.08,1.32,1.32,1.58,1.71,2.02,2.17,2.28,2.34,2.45,2.58,2.69,2.79
1.28,1.39,1.4,1.46,1.5,1.91,2.12,2.27,2.35,2.46,2.58,2.68,2.76
1.47,1.55,1.54,1.64,1.69,2.02,2.19,2.35,2.42,2.52,2.62,2.72,2.81
1.06,1.39,1.46,1.69,1.81,2.04,2.16,2.33,2.42,2.51,2.62,2.7,2.77
1.28,1.49,1.57,1.72,1.8,2.11,2.27,2.44,2.53,2.63,2.75,2.82,2.86
1.71,1.79,1.78,1.93,2,2.35,2.52,2.64,2.7,2.82,2.95,2.99,2.99
1.98,2.11,1.97,2.13,2.21,2.5,2.65,2.76,2.82,2.88,2.94,2.96,2.95
2.13,2.15,2.09,2.16,2.2,2.35,2.42,2.6,2.69,2.76,2.83,2.87,2.9
2.04,2.08,2.02,2.18,2.27,2.37,2.42,2.57,2.64,2.69,2.73,2.78,2.83
2,2.43,2.29,2.49,2.58,2.7,2.76,2.79,2.81,2.83,2.85,2.87,2.89
2.42,2.51,2.61,2.66,2.68,2.78,2.83,2.86,2.87,2.88,2.9,2.91,2.92
2.28,2.36,2.35,2.33,2.31,2.49,2.58,2.65,2.68,2.72,2.77,2.81,2.84
1.95,2.32,2.31,2.44,2.5,2.6,2.65,2.71,2.74,2.77,2.8,2.83,2.87
2.21,2.26,2.23,2.52,2.68,2.86,2.96,2.99,3.01,3.04,3.07,3.06,3.02
2.62,2.69,2.65,2.91,3.04,3.21,3.3,3.22,3.18,3.16,3.13,3.09,3.06
2.33,2.53,2.5,2.77,2.91,2.94,2.96,2.98,2.99,2.96,2.93,2.92,2.91
2.32,2.43,2.41,2.56,2.64,2.79,2.87,2.92,2.94,2.96,2.99,2.97,2.94
2.07,2.37,2.58,2.79,2.9,3.1,3.2,3.23,3.25,3.25,3.25,3.18,3.09
2.39,2.69,2.98,3.12,3.19,3.38,3.48,3.54,3.57,3.52,3.47,3.38,3.29
2.68,2.92,3.19,3.23,3.25,3.43,3.53,3.52,3.52,3.45,3.37,3.3,3.24
2.56,2.9,3,3.15,3.22,3.37,3.44,3.49,3.52,3.5,3.49,3.41,3.33
2.53,3.12,3.19,3.36,3.44,3.71,3.85,3.77,3.73,3.65,3.56,3.48,3.42
3.06,3.32,3.26,3.47,3.57,3.7,3.76,3.73,3.72,3.7,3.67,3.66,3.65
3.05,3.19,3.1,3.15,3.17,3.34,3.42,3.42,3.42,3.36,3.31,3.27,3.25
2.88,3.35,3.2,3.31,3.37,3.49,3.56,3.52,3.5,3.45,3.39,3.38,3.38
2.84,3.08,3.02,3.26,3.39,3.44,3.47,3.49,3.51,3.46,3.4,3.35,3.31
3.06,3.09,3.07,3.39,3.55,3.57,3.58,3.63,3.66,3.65,3.64,3.56,3.45
3.15,3.34,3.26,3.47,3.58,3.63,3.65,3.73,3.77,3.78,3.79,3.72,3.62
3,3.35,3.67,3.68,3.68,3.84,3.92,3.93,3.94,4,4.07,3.98,3.81
3.08,3.4,3.58,3.8,3.91,3.92,3.93,4,4.04,4.07,4.1,3.94,3.72
3.06,3.55,4.1,4.02,3.98,4.04,4.07,4.01,3.98,3.96,3.93,3.84,3.72
3.07,3.55,4.04,4.14,4.19,4.1,4.06,4.1,4.12,4.05,3.96,3.92,3.89
3.34,3.7,3.83,3.94,3.99,3.99,3.99,4.1,4.16,4.03,3.89,3.88,3.92
2.53,3.17,3.28,3.38,3.43,3.28,3.21,3.33,3.39,3.26,3.12,3.27,3.52
2.71,2.8,2.92,2.85,2.81,2.77,2.75,2.79,2.81,2.83,2.85,3.02,3.24
1.5,1.47,1.89,2.03,2.1,2.29,2.38,2.65,2.79,2.82,2.86,3.05,3.29
1.11,1.27,1.34,1.59,1.72,1.88,1.95,2.33,2.52,2.6,2.69,2.92,3.18
0.99,1.18,1.33,1.53,1.63,1.82,1.91,2.26,2.44,2.54,2.65,2.86,3.1
1.16,1.17,0.99,1.25,1.38,1.52,1.59,2.05,2.28,2.41,2.55,2.82,3.12
0.32,0.45,0.44,1.39,1.89,1.64,1.51,1.97,2.2,2.35,2.52,2.81,3.13
0.69,0.79,1.17,1.08,1.03,1.43,1.64,2.2,2.49,2.6,2.72,3,3.31
0.7,0.88,1.33,1.45,1.51,1.76,1.88,2.46,2.75,2.86,2.99,3.2,3.44
1.78,2.36,2.65,2.75,2.8,3.14,3.31,3.57,3.7,3.71,3.72,3.77,3.83
1.77,2.82,3.25,3.11,3.05,3.32,3.46,3.7,3.82,3.81,3.79,3.82,3.87
1.62,2.59,2.73,2.83,2.88,3.26,3.45,3.7,3.82,3.82,3.82,3.83,3.84
1.97,2.71,2.92,3.08,3.17,3.31,3.38,3.58,3.67,3.66,3.64,3.67,3.73
2.36,2.73,2.97,2.96,2.96,3.26,3.41,3.71,3.85,3.92,4,3.98,3.92
2.43,2.73,3.1,3.36,3.5,3.64,3.71,3.95,4.07,4.05,4.03,4.03,4.03
2.33,2.84,3.05,3.31,3.43,3.6,3.68,3.81,3.87,3.87,3.87,3.9,3.93
2.38,2.81,3.25,3.49,3.61,3.78,3.86,4.01,4.09,4.07,4.06,4.04,4.02
2.7,2.85,3.29,3.66,3.85,3.91,3.94,4.16,4.27,4.31,4.36,4.3,4.19
2.67,2.97,3.5,3.83,4,4.04,4.06,4.27,4.38,4.39,4.4,4.32,4.22
2.7,3,3.75,3.99,4.1,4.25,4.32,4.54,4.65,4.58,4.5,4.39,4.28
2.26,2.95,3.79,4.13,4.3,4.35,4.37,4.53,4.62,4.58,4.54,4.43,4.3
3.44,3.75,4.53,4.56,4.57,4.7,4.76,4.83,4.86,4.84,4.82,4.64,4.41
3.34,4.07,4.98,5.01,5.02,5,4.99,4.97,4.97,4.89,4.8,4.63,4.45
3.03,4.06,4.34,4.39,4.41,4.52,4.58,4.67,4.71,4.65,4.59,4.46,4.33
2.99,4.36,4.92,4.86,4.82,4.93,4.98,4.97,4.96,4.83,4.68,4.56,4.46
4.04,4.41,5.09,4.92,4.83,5.07,5.18,5.06,5,5.02,5.03,4.85,4.61
3.44,4.07,4.58,4.57,4.56,4.72,4.8,4.82,4.83,4.84,4.86,4.69,4.46
3.84,4.29,4.45,4.51,4.54,4.65,4.71,4.75,4.78,4.76,4.75,4.58,4.35
2.54,3.02,3.48,3.53,3.56,3.82,3.95,4.03,4.07,4.15,4.23,4.2,4.13
2.97,3,3.47,3.95,4.19,4.25,4.28,4.41,4.48,4.44,4.39,4.35,4.32
2.37,3.16,3.39,3.81,4.03,4.21,4.31,4.36,4.38,4.38,4.39,4.3,4.18
1.56,2.15,2.6,3.01,3.21,3.5,3.65,3.84,3.93,4.01,4.09,4.13,4.14
1.82,2.21,2.55,2.8,2.93,2.96,2.98,3.27,3.41,3.5,3.59,3.74,3.9
1.76,2.33,2.73,2.86,2.93,2.98,3.01,3.33,3.49,3.58,3.68,3.81,3.94
2.4,2.37,2.96,2.89,2.85,2.9,2.93,3.34,3.54,3.61,3.7,3.78,3.85
1.52,2.22,2.59,2.81,2.91,2.99,3.03,3.38,3.55,3.68,3.82,3.89,3.92
1.46,2.39,2.75,2.97,3.08,3.19,3.25,3.6,3.77,3.9,4.04,4.08,4.07
1.99,2.23,2.45,2.55,2.61,2.72,2.77,3.14,3.33,3.48,3.65,3.76,3.85
2.01,2.25,2.5,2.69,2.79,2.99,3.09,3.44,3.62,3.73,3.84,3.91,3.95
2.46,2.58,2.78,2.91,2.98,3.08,3.14,3.39,3.51,3.59,3.69,3.77,3.83
2.15,2.41,2.6,2.8,2.91,2.98,3.02,3.31,3.46,3.6,3.76,3.85,3.91
1.8,2.24,2.43,2.71,2.86,2.98,3.04,3.23,3.32,3.5,3.7,3.79,3.82
2.29,2.35,2.62,2.82,2.92,3.12,3.22,3.39,3.48,3.62,3.79,3.85,3.86
2.06,2.3,2.53,2.8,2.95,3.17,3.28,3.56,3.7,3.81,3.93,3.97,3.98
1.6,2.17,2.46,2.7,2.82,3.1,3.24,3.59,3.76,3.89,4.04,4.04,3.98
2.02,2.22,2.71,2.9,3,3.25,3.37,3.71,3.88,3.97,4.07,4.08,4.05
2,2.25,2.73,2.86,2.93,3.2,3.34,3.61,3.75,3.82,3.9,3.95,3.98
1.96,2.3,2.67,2.84,2.92,3.16,3.28,3.54,3.67,3.8,3.95,3.98,3.95
2.22,2.54,2.81,2.93,2.99,3.24,3.37,3.61,3.73,3.89,4.06,4.09,4.05
2.48,2.72,2.97,3.07,3.12,3.35,3.46,3.7,3.82,3.97,4.13,4.17,4.14
2.51,2.71,2.94,3.11,3.19,3.44,3.56,3.8,3.93,4.06,4.21,4.23,4.19
2.5,2.73,2.91,3.03,3.1,3.23,3.3,3.5,3.6,3.8,4.03,4.13,4.15
2.65,2.79,2.89,2.85,2.82,3.07,3.19,3.38,3.48,3.65,3.84,3.94,3.99
2.71,2.74,2.79,2.9,2.96,3.16,3.26,3.35,3.4,3.55,3.72,3.83,3.89
2.4,2.72,2.77,2.86,2.91,3.05,3.12,3.31,3.41,3.61,3.84,3.91,3.91
2.95,2.94,3.02,3.02,3.02,3.25,3.36,3.55,3.64,3.81,4,4.03,3.99
2.66,2.87,3.08,3.16,3.2,3.36,3.44,3.62,3.7,3.86,4.05,4.08,4.05
2.67,2.8,3.01,3.05,3.07,3.12,3.15,3.38,3.5,3.69,3.91,3.99,4.01
2.73,2.79,2.97,2.91,2.87,3.01,3.08,3.35,3.49,3.68,3.89,3.98,3.99
2.5,2.75,2.86,2.87,2.87,3.01,3.07,3.32,3.45,3.61,3.8,3.9,3.96
2.57,2.91,3,2.94,2.91,3.1,3.2,3.32,3.39,3.58,3.8,3.91,3.97
2.97,2.98,3.02,2.96,2.93,3.14,3.25,3.34,3.38,3.56,3.76,3.87,3.94
2.93,2.99,3.02,2.98,2.96,3.06,3.11,3.32,3.43,3.59,3.78,3.88,3.94
2.87,2.95,2.95,2.91,2.89,3.04,3.11,3.33,3.44,3.62,3.82,3.94,4.02
2.85,2.98,3.01,2.99,2.98,3.06,3.1,3.35,3.48,3.65,3.85,3.96,4.03
2.87,2.95,3.02,3.02,3.02,3.17,3.25,3.44,3.54,3.68,3.85,3.97,4.06
2.9,3.05,3.12,3.1,3.09,3.22,3.28,3.5,3.6,3.74,3.9,3.99,4.05
3.01,3.04,3.14,3.1,3.09,3.22,3.29,3.54,3.66,3.8,3.96,4.03,4.05
3.07,3.3,3.38,3.38,3.38,3.5,3.56,3.69,3.76,3.86,3.98,4.02,4.04
3.21,3.44,3.5,3.54,3.56,3.59,3.61,3.75,3.82,3.92,4.03,4.06,4.05
3.45,3.52,3.54,3.55,3.55,3.58,3.59,3.74,3.81,3.92,4.04,4.09,4.09
3.39,3.6,3.63,3.64,3.64,3.7,3.73,3.84,3.89,4,4.13,4.16,4.16
3.11,3.57,3.73,3.72,3.71,3.77,3.8,3.85,3.88,3.97,4.07,4.13,4.16
3.49,3.61,3.74,3.78,3.8,3.85,3.88,3.94,3.98,4.04,4.11,4.17,4.21
3.47,3.56,3.67,3.7,3.71,3.81,3.86,3.89,3.91,4.02,4.14,4.19,4.2
3.55,3.65,3.81,3.85,3.87,3.94,3.98,3.99,4,4.09,4.2,4.23,4.23
3.55,3.62,3.78,3.86,3.9,4.02,4.07,4.11,4.13,4.19,4.25,4.27,4.29
3.33,3.5,3.66,3.75,3.8,3.9,3.96,4.03,4.07,4.13,4.21,4.25,4.28
3.18,3.52,3.64,3.76,3.83,3.89,3.92,3.96,3.99,4.07,4.16,4.21,4.24
3.41,3.54,3.61,3.72,3.78,3.78,3.78,3.89,3.95,4.02,4.11,4.16,4.19
3.33,3.53,3.63,3.69,3.72,3.69,3.67,3.83,3.91,4.01,4.11,4.18,4.23
3.31,3.56,3.7,3.77,3.81,3.79,3.78,3.9,3.96,4.05,4.15,4.21,4.24
3.55,3.63,3.81,3.83,3.85,3.84,3.84,3.93,3.97,4.05,4.13,4.19,4.24
3.48,3.63,3.8,3.86,3.88,3.89,3.89,3.96,3.99,4.06,4.13,4.18,4.21
3.59,3.92,4.1,4.13,4.14,4.12,4.11,4.13,4.13,4.15,4.18,4.21,4.23
3.5,3.9,4.03,3.99,3.97,3.96,3.96,3.99,4.01,4.07,4.15,4.21,4.26
3.88,3.95,4.07,4.01,3.98,3.95,3.93,3.99,4.01,4.07,4.14,4.2,4.25
3.88,4.09,4.12,4.12,4.12,4.07,4.05,4.03,4.02,4.1,4.19,4.22,4.22
3.83,4.03,4.06,4.06,4.06,4.03,4.01,4.02,4.03,4.09,4.17,4.2,4.22
3.92,4.03,4.07,4.05,4.05,4.02,4.01,4.01,4.01,4.09,4.17,4.21,4.23
3.79,3.97,4.04,4.04,4.05,4,3.98,4,4.01,4.09,4.19,4.23,4.23
3.8,3.9,3.93,3.93,3.93,3.9,3.88,3.98,4.03,4.09,4.16,4.2,4.23
3.84,3.92,3.97,3.97,3.97,3.96,3.96,4.04,4.08,4.13,4.2,4.23,4.25
3.8,3.95,4.08,4.11,4.12,4.07,4.04,4.13,4.18,4.22,4.26,4.29,4.32
3.93,4.12,4.29,4.33,4.35,4.24,4.19,4.26,4.3,4.33,4.37,4.37,4.37
3.96,4.15,4.31,4.32,4.33,4.28,4.26,4.32,4.36,4.38,4.41,4.42,4.43
3.81,4.22,4.39,4.4,4.41,4.38,4.36,4.39,4.4,4.44,4.48,4.48,4.47
4.45,4.59,4.82,4.88,4.91,4.95,4.98,4.9,4.86,4.81,4.74,4.65,4.56
4.57,4.75,4.85,4.86,4.86,4.92,4.95,4.94,4.94,4.9,4.85,4.73,4.58
4.5,4.77,4.96,4.98,4.99,5.01,5.02,5.05,5.06,5.12,5.2,5.05,4.83
4.34,4.65,4.82,4.85,4.87,4.84,4.83,4.79,4.77,4.79,4.82,4.74,4.63
4.66,4.73,4.85,4.9,4.93,4.93,4.93,4.87,4.84,4.86,4.89,4.82,4.73
4.53,4.7,4.94,5.02,5.06,5.11,5.14,5.09,5.07,5,4.93,4.83,4.73
4.49,4.66,4.81,4.96,5.05,5.16,5.22,5.22,5.22,5.16,5.09,5,4.92
4.56,4.84,5.06,5.16,5.21,5.26,5.28,5.32,5.33,5.31,5.29,5.12,4.9
4.78,5.11,5.69,5.78,5.82,5.89,5.92,5.86,5.82,5.7,5.55,5.3,5.03
5.26,5.51,5.86,5.81,5.78,5.65,5.58,5.53,5.51,5.34,5.14,5.01,4.92
4.73,5.42,5.69,5.63,5.6,5.46,5.4,5.33,5.3,5.22,5.13,4.94,4.74
4.32,5.34,5.45,5.49,5.51,5.5,5.49,5.37,5.3,5.28,5.25,5.09,4.9
4.71,4.99,5.13,5.07,5.04,4.88,4.79,4.79,4.78,4.74,4.7,4.66,4.62
4.57,4.64,4.66,4.65,4.64,4.51,4.45,4.53,4.56,4.56,4.55,4.51,4.46
4.42,4.62,4.68,4.69,4.69,4.68,4.67,4.7,4.71,4.73,4.75,4.74,4.73
4.06,4.19,4.2,4.16,4.14,4.08,4.05,4.21,4.3,4.37,4.46,4.54,4.6
3.43,3.79,3.92,4.01,4.06,4.16,4.21,4.48,4.61,4.68,4.75,4.82,4.89
3.33,3.47,3.84,3.98,4.05,4.26,4.37,4.51,4.58,4.67,4.76,4.86,4.96
3.69,3.94,4.48,4.87,5.06,4.99,4.94,5.15,5.25,5.3,5.36,5.28,5.14
3.74,4.22,4.69,4.98,5.14,4.96,4.88,4.98,5.03,5.11,5.2,5.18,5.1
3.93,4.36,4.96,5.15,5.24,5.22,5.21,5.28,5.31,5.33,5.35,5.26,5.12
4.29,4.49,5.24,5.27,5.28,5.21,5.18,5.31,5.37,5.39,5.42,5.33,5.22
4.21,4.6,5.24,5.42,5.51,5.52,5.52,5.61,5.65,5.72,5.8,5.68,5.49
3.99,4.92,5.67,5.73,5.76,5.65,5.59,5.67,5.71,5.79,5.89,5.81,5.67
4.3,5.15,5.75,5.81,5.84,5.77,5.74,5.79,5.81,5.78,5.75,5.71,5.67
4.84,4.94,5.18,5.29,5.35,5.35,5.36,5.46,5.52,5.54,5.56,5.56,5.54
4.74,5.14,5.37,5.38,5.39,5.41,5.43,5.52,5.57,5.6,5.64,5.56,5.45
4.95,5.31,5.43,5.5,5.54,5.58,5.59,5.7,5.76,5.77,5.78,5.78,5.76
5.41,5.68,5.78,5.81,5.83,5.79,5.77,5.85,5.89,5.88,5.87,5.76,5.62
5.54,5.92,6.04,6.08,6.1,5.96,5.89,5.83,5.79,5.86,5.94,5.92,5.88
5.41,5.46,5.71,5.8,5.84,5.77,5.73,5.62,5.56,5.65,5.75,5.61,5.37
5.22,5.28,5.43,5.34,5.29,5.28,5.28,5.21,5.18,5.32,5.48,5.38,5.18
5.02,5.24,5.42,5.34,5.3,5.25,5.23,5.21,5.21,5.36,5.54,5.44,5.23
5.25,5.3,5.52,5.37,5.29,5.31,5.32,5.24,5.2,5.38,5.58,5.52,5.35
5.38,5.63,5.72,5.61,5.55,5.51,5.49,5.34,5.27,5.49,5.74,5.67,5.46
4.97,5.64,5.79,5.74,5.71,5.61,5.55,5.45,5.4,5.61,5.86,5.83,5.69
6.1,6.34,6.63,6.49,6.42,6.43,6.43,6.14,6,6.17,6.35,6.21,5.93
6.01,6.37,6.51,6.43,6.39,6.3,6.26,6.02,5.91,6.14,6.4,6.29,6.04
5.78,6.38,6.52,6.52,6.52,6.54,6.55,6.47,6.42,6.42,6.41,6.31,6.18
5.4,6.2,6.27,6.37,6.42,6.25,6.17,6.24,6.28,6.35,6.44,6.45,6.43
6.27,6.09,6.19,6.2,6.2,6.23,6.24,6.16,6.13,6.27,6.43,6.25,5.96
5.87,6.21,6.47,6.59,6.65,6.7,6.72,6.67,6.64,6.65,6.66,6.58,6.46
6.19,6.69,7.14,7.6,7.83,7.53,7.38,7.22,7.14,6.98,6.79,6.54,6.3
6.61,7.38,7.42,7.63,7.74,7.73,7.72,7.37,7.19,6.97,6.71,6.48,6.29
7.22,7.08,7.48,7.67,7.77,7.72,7.69,7.52,7.43,7.2,6.92,6.61,6.3
7.23,7.23,7.66,7.89,8.01,8.21,8.31,8.29,8.28,8.05,7.78,7.35,6.88
6.68,7.16,7.62,7.62,7.62,7.59,7.58,7.64,7.67,7.34,6.97,6.82,6.77
6.79,7.74,8.26,8.16,8.1,8.02,7.98,7.91,7.88,7.58,7.24,7.22,7.32
6.91,8.21,8.5,8.29,8.18,8.49,8.64,8.51,8.45,8.14,7.79,7.67,7.65
7.81,8.13,8.25,8.19,8.17,8.42,8.55,8.55,8.54,8.29,8,7.6,7.19
6.54,7.06,7.13,7.02,6.96,7.29,7.46,7.49,7.51,7.35,7.16,6.91,6.65
6.65,6.51,6.66,6.74,6.78,7.09,7.24,7.33,7.37,7.29,7.2,7.03,6.84
6.62,7.03,7.45,7.58,7.65,7.97,8.14,8.12,8.12,8.05,7.96,7.78,7.57
6.5,7.2,7.35,7.5,7.57,8.03,8.26,8.06,7.95,7.89,7.81,7.86,7.96
6.05,6.62,6.87,7.2,7.37,7.76,7.96,7.97,7.97,7.9,7.82,7.61,7.37
6.23,6.47,6.69,6.91,7.02,7.47,7.69,7.72,7.74,7.66,7.56,7.28,6.94
6.21,6.36,6.71,6.79,6.83,7.27,7.49,7.52,7.54,7.54,7.54,7.49,7.41
5.62,6.01,6.68,6.69,6.7,6.88,6.97,7.09,7.15,7.23,7.32,7.35,7.36
5.38,5.97,6.31,6.38,6.42,6.72,6.87,6.98,7.03,7.12,7.23,7.4,7.58
4.57,5.08,5.13,5.11,5.1,5.38,5.51,5.78,5.92,6.17,6.46,6.6,6.67
4.45,4.99,4.94,4.99,5.01,5.49,5.73,5.85,5.91,6.11,6.33,6.56,6.78
4.13,4.21,4.28,4.22,4.19,4.59,4.79,5.38,5.67,5.92,6.2,6.24,6.18
3.2,3.43,3.63,3.69,3.72,4.07,4.26,4.88,5.19,5.56,5.99,6.29,6.51
3.43,3.75,3.66,3.77,3.83,3.98,4.06,4.62,4.9,5.19,5.51,5.74,5.91
3.8,4.01,4.31,4.54,4.66,5.08,5.3,5.76,5.99,6.12,6.27,6.23,6.11
4.1,4.42,4.48,4.84,5.02,5.48,5.72,5.88,5.97,6.22,6.51,6.53,6.42
4.95,5.13,5.36,5.92,6.2,6.47,6.6,6.78,6.87,6.9,6.95,6.75,6.48
5.17,5.2,5.78,6.04,6.17,6.46,6.61,6.87,7,7.05,7.11,6.97,6.76
4.52,4.41,4.8,5.17,5.36,5.57,5.67,5.79,5.85,6.06,6.3,6.43,6.49
4.57,4.61,5,5.21,5.31,5.49,5.58,5.81,5.92,6.01,6.11,6.12,6.1
4.13,4.43,4.5,4.55,4.57,4.88,5.04,5.34,5.49,5.68,5.91,6.01,6.05
4.02,4.38,4.52,4.67,4.75,4.98,5.09,5.42,5.59,5.79,6.02,6,5.87
3.36,3.74,4.03,4.19,4.27,4.69,4.9,5.14,5.26,5.55,5.88,6.1,6.25
3.16,3.41,3.72,4.03,4.18,4.64,4.87,5.32,5.55,5.8,6.09,6.28,6.42
3.28,3.41,3.79,4.09,4.24,4.62,4.81,5.29,5.53,5.76,6.03,6.25,6.43
3.46,3.87,4.49,4.82,4.99,5.4,5.61,5.88,6.01,6.08,6.17,6.25,6.32
3.28,3.64,4.12,4.35,4.47,4.93,5.16,5.56,5.76,5.92,6.1,6.24,6.36
3.51,3.8,4.19,4.46,4.6,4.85,4.98,5.41,5.62,5.8,6.01,6.18,6.32
3.62,4.06,4.65,5.03,5.23,5.39,5.48,5.77,5.91,6.01,6.12,6.22,6.29
3.53,3.83,4.39,4.74,4.92,5.18,5.31,5.72,5.93,6.02,6.13,6.25,6.36
4.36,4.42,4.98,5.31,5.47,5.58,5.63,5.96,6.13,6.23,6.36,6.45,6.53
4.55,4.67,5.32,5.59,5.72,5.86,5.93,6.03,6.08,6.24,6.43,6.59,6.73
4.58,4.82,5.23,5.43,5.54,5.76,5.88,6.04,6.12,6.24,6.38,6.46,6.51
4.81,4.92,5.3,5.38,5.42,5.61,5.7,5.92,6.04,6.13,6.24,6.34,6.42
4.88,5.24,5.54,5.6,5.62,5.85,5.96,6.08,6.15,6.24,6.34,6.4,6.44
5.48,5.86,6.03,6.14,6.2,6.31,6.37,6.43,6.47,6.44,6.4,6.52,6.68
5.67,6,6.21,6.34,6.41,6.65,6.77,6.78,6.79,6.71,6.63,6.62,6.65
6.1,6.58,6.99,7.03,7.05,7.01,6.99,6.85,6.77,6.75,6.73,6.67,6.61
6.06,6.53,6.73,6.8,6.83,6.83,6.83,6.76,6.73,6.72,6.71,6.69,6.66
6.66,7.16,7.2,7.23,7.24,7.07,6.98,6.78,6.68,6.75,6.83,6.86,6.86
7.57,7.71,7.91,7.92,7.92,7.41,7.16,6.99,6.91,6.87,6.82,6.85,6.92
8.47,8.54,8.71,9.01,9.16,8.53,8.21,8.06,7.99,7.73,7.43,7.29,7.21
8.73,8.8,8.89,8.79,8.74,8.17,7.88,7.46,7.25,7.17,7.08,7.11,7.18
7.3,7.22,7.99,7.87,7.81,7.3,7.04,6.8,6.67,6.72,6.78,6.9,7.04
7.09,7.56,7.69,7.45,7.33,6.97,6.79,6.82,6.83,6.77,6.69,6.87,7.14
7.64,7.72,8.27,7.83,7.61,7.07,6.8,6.82,6.83,6.75,6.66,6.88,7.22
7.5,7.73,7.85,7.53,7.38,7.04,6.87,6.84,6.82,6.77,6.72,7.05,7.5
7.61,7.84,7.69,7.37,7.22,6.98,6.86,6.91,6.93,6.92,6.9,7.16,7.51
7.49,7.76,7.64,7.32,7.16,6.96,6.87,6.95,6.99,6.99,6.99,7.17,7.42
8.6,8.81,8.77,8.63,8.55,8.2,8.03,7.86,7.78,7.69,7.59,7.49,7.4
8.84,9.16,9.17,9.21,9.23,8.71,8.44,8.34,8.29,8.17,8.04,7.78,7.5
7.8,8.42,8.71,8.79,8.84,8.42,8.21,8.15,8.12,8.04,7.95,7.71,7.42
7.8,7.85,8.31,8.75,8.98,8.6,8.4,8.47,8.51,8.32,8.1,7.8,7.49
7.56,7.76,8.36,8.74,8.93,8.76,8.68,8.66,8.65,8.5,8.33,7.96,7.52
9.31,9.42,9.89,10.06,10.14,9.41,9.05,8.81,8.7,8.63,8.56,8.14,7.61
6.19,6.24,7.81,8.29,8.53,8.25,8.11,8.17,8.19,8.09,7.98,7.91,7.88
6.98,8.3,8.18,8.06,8.01,7.93,7.89,8.07,8.15,8,7.83,7.71,7.63
7.66,7.7,8,7.74,7.61,7.42,7.32,7.5,7.6,7.62,7.64,7.61,7.58
6.72,7.27,7.37,7.29,7.25,7.28,7.3,7.33,7.34,7.29,7.23,7.4,7.65
5.54,5.86,6.1,6.16,6.19,6.58,6.78,7.12,7.29,7.33,7.38,7.4,7.41
4.79,5.61,5.84,5.91,5.94,6.16,6.27,6.7,6.92,7.13,7.37,7.38,7.29
5.3,5.72,5.89,6.07,6.16,6.52,6.7,7.11,7.31,7.45,7.61,7.64,7.6
5.02,5.66,6.19,6.67,6.91,7.41,7.66,7.95,8.1,8.08,8.06,8.1,8.15
4.95,5.33,5.61,5.91,6.06,6.61,6.89,7.28,7.47,7.65,7.85,7.98,8.08
5.51,6.08,6.39,6.72,6.9,7.09,7.18,7.51,7.68,7.72,7.77,7.78,7.79
6.09,6.39,7,7.2,7.3,7.57,7.7,7.89,7.98,7.96,7.94,7.95,7.98
5.87,6.46,7.19,7.43,7.55,7.72,7.8,8.02,8.13,8.11,8.09,8.11,8.14
6.31,6.67,7.42,7.59,7.67,8.05,8.24,8.32,8.36,8.36,8.36,8.37,8.39
5.35,5.67,5.96,6.18,6.29,6.8,7.06,7.34,7.47,7.65,7.86,8.01,8.12
5.12,5.69,6.22,6.43,6.53,7.05,7.32,7.56,7.68,7.87,8.09,8.2,8.26
4.92,5.29,5.68,5.97,6.11,6.53,6.74,7.13,7.33,7.49,7.67,7.84,7.98
4.47,4.84,5.08,5.35,5.49,6.08,6.38,7.01,7.33,7.53,7.75,7.84,7.87
4.7,5.11,5.59,5.9,6.06,6.51,6.74,7.11,7.3,7.47,7.66,7.81,7.92
4.75,5.08,5.51,5.83,6,6.45,6.67,7.06,7.26,7.42,7.6,7.72,7.8
4.8,5.06,5.42,5.85,6.07,6.44,6.63,6.98,7.16,7.35,7.57,7.75,7.9
5.24,5.67,6.15,6.51,6.71,7.1,7.3,7.6,7.75,7.82,7.91,8.03,8.15
5.35,5.5,5.96,6.27,6.43,6.79,6.97,7.29,7.45,7.58,7.74,7.9,8.05
5.15,5.29,5.65,5.97,6.13,6.54,6.75,7.11,7.29,7.5,7.74,7.92,8.05
5.04,5.19,5.51,5.76,5.89,6.29,6.49,6.8,6.96,7.23,7.54,7.78,7.99
5.16,5.23,5.52,5.62,5.68,6.12,6.34,6.71,6.89,7.17,7.49,7.7,7.84
4.79,5.04,5.21,5.41,5.51,5.87,6.05,6.41,6.59,6.91,7.27,7.61,7.9
4.32,4.54,4.72,4.85,4.91,5.28,5.46,5.76,5.9,6.29,6.73,7.23,7.72
4.24,4.48,4.66,4.8,4.87,5.22,5.4,5.8,6,6.28,6.6,6.96,7.31
4.62,4.85,5.18,5.47,5.61,6.04,6.26,6.65,6.85,7.04,7.25,7.5,7.75
4.52,4.82,5.1,5.38,5.52,5.98,6.21,6.64,6.86,7.08,7.32,7.58,7.82
4.54,4.68,4.92,5.28,5.46,5.8,5.98,6.52,6.79,7.02,7.29,7.56,7.81
4.42,4.83,5.1,5.42,5.58,5.89,6.04,6.52,6.75,7,7.29,7.57,7.83
4.76,5.13,5.4,5.67,5.8,6.02,6.13,6.55,6.77,6.97,7.21,7.5,7.79
4.95,5.12,5.37,5.58,5.69,5.88,5.97,6.34,6.52,6.76,7.03,7.36,7.67
5.26,5.55,5.85,6.05,6.15,6.32,6.41,6.74,6.91,7.07,7.25,7.51,7.79
5.35,5.69,6.07,6.23,6.32,6.44,6.51,6.75,6.87,7,7.14,7.34,7.56
5.98,6.14,6.45,6.57,6.63,6.74,6.79,6.92,6.99,7.1,7.24,7.47,7.72
6.1,6.41,6.78,6.92,6.99,7.09,7.15,7.31,7.39,7.44,7.5,7.63,7.77
5.69,6.25,6.64,6.8,6.88,7.02,7.08,7.22,7.29,7.36,7.45,7.6,7.77
5.61,6.36,6.73,6.9,6.99,7.14,7.21,7.44,7.55,7.63,7.73,7.87,8.02
6.09,6.63,6.96,7.16,7.25,7.42,7.5,7.66,7.74,7.81,7.88,8.03,8.19
6.15,6.61,6.99,7.19,7.29,7.48,7.57,7.76,7.85,7.9,7.96,8.1,8.26
6.68,6.69,7.03,7.32,7.47,7.62,7.7,7.84,7.92,7.99,8.08,8.19,8.31
6.3,6.57,7.17,7.5,7.68,7.87,7.97,8.01,8.03,8.1,8.18,8.31,8.45
6.53,6.83,7.44,7.81,8,8.13,8.19,8.24,8.26,8.31,8.37,8.47,8.59
6.67,7.32,7.8,8.21,8.42,8.52,8.57,8.55,8.54,8.56,8.58,8.63,8.67
6.61,7.08,7.68,8.15,8.39,8.47,8.51,8.48,8.47,8.49,8.51,8.56,8.61
7.74,7.8,8.03,8.33,8.48,8.49,8.5,8.46,8.44,8.43,8.42,8.44,8.46
8.05,8.45,8.78,8.86,8.9,8.73,8.65,8.53,8.47,8.48,8.49,8.55,8.62
8.95,8.97,9.64,9.75,9.8,9.5,9.34,9.1,8.98,8.93,8.87,8.83,8.81
9.08,9.4,9.8,10.04,10.15,9.83,9.67,9.19,8.95,8.89,8.83,8.81,8.81
8.93,9.71,10.21,10.37,10.45,9.93,9.67,9.19,8.96,8.9,8.83,8.81,8.8
9.75,9.72,9.96,10.09,10.15,9.92,9.81,9.25,8.97,8.98,8.99,8.94,8.86
9.65,9.88,10.1,10.24,10.31,10.1,10,9.52,9.28,9.24,9.19,9.1,9.01
9.8,10.01,10.02,9.96,9.93,9.9,9.88,9.47,9.27,9.19,9.11,9.05,9
9.79,10.04,10.13,10.13,10.12,10.04,10,9.59,9.38,9.34,9.29,9.26,9.24
9.94,10.05,10.03,9.97,9.95,9.75,9.64,9.21,8.99,8.99,8.98,9.04,9.12
9.05,9.39,9.45,9.33,9.27,9.02,8.9,8.72,8.64,8.66,8.69,8.78,8.87
9.27,9.59,9.89,9.8,9.75,9.46,9.31,9.07,8.95,8.96,8.97,8.99,9.02
10.13,10.27,10.36,10.45,10.49,10.07,9.86,9.57,9.43,9.34,9.25,9.13,9.01
10.28,10.63,10.86,10.93,10.96,10.48,10.24,9.83,9.63,9.53,9.42,9.37,9.35
11.85,12.87,13.13,13.01,12.95,12.45,12.19,11.59,11.28,11.09,10.87,10.57,10.25
10.71,12.22,12.17,11.76,11.55,11.38,11.29,10.64,10.31,10.37,10.44,10.31,10.11
9.99,12.58,12.66,12.09,11.81,11.5,11.35,10.7,10.37,10.36,10.35,10.32,10.28
11.89,12.93,12.89,12.5,12.3,12.07,11.95,11.34,11.03,11.1,11.17,11.16,11.12
13.95,14.92,15.05,15.29,15.42,15.25,15.16,14.26,13.82,13.46,13.06,12.57,12.09
15.9,16.27,16.27,16.22,16.19,15.68,15.42,14.1,13.45,13.07,12.64,12.47,12.42
9.97,11.51,11.68,11.75,11.79,11.56,11.45,10.77,10.43,10.55,10.7,10.8,10.86
7.49,8.21,8.37,8.52,8.59,8.87,9.01,9.39,9.58,9.89,10.26,10.5,10.67
6.45,8.2,8.34,8.5,8.58,8.91,9.07,9.42,9.59,9.76,9.96,10.14,10.3
7.62,8.99,9.03,8.99,8.97,9.34,9.52,10.02,10.27,10.4,10.55,10.61,10.63
9.37,10.4,10.75,10.87,10.94,11.37,11.6,11.56,11.54,11.46,11.37,11.58,11.9
11.54,11.78,12.35,12.43,12.46,12.49,12.5,12.23,12.09,12,11.89,11.97,12.12
11.55,13.6,13.54,13.46,13.42,13.22,13.13,13.04,12.99,12.78,12.53,12.44,12.42
15.13,15.73,15.38,14.94,14.71,14.22,13.98,13.32,12.99,12.9,12.79,12.56,12.29
13.16,15.38,15.07,14.09,13.61,13.17,12.95,12.79,12.71,12.5,12.26,12.18,12.18
14.64,15.85,15.17,14.59,14.3,13.72,13.43,12.99,12.78,12.67,12.54,12.46,12.4
14.55,15.2,15.01,14.55,14.31,14.05,13.91,13.91,13.91,13.69,13.44,13.17,12.91
13.53,13.29,12.94,13.11,13.19,13.37,13.45,13.39,13.36,13.28,13.19,12.93,12.61
14.1,15.84,15.27,15.17,15.12,14.91,14.8,14.62,14.53,14.33,14.1,13.79,13.47
16.47,16.61,15.96,15.44,15.18,15,14.91,14.3,14,13.72,13.4,13.2,13.05
15.02,15.51,15.4,15.17,15.05,14.96,14.91,14.32,14.03,13.85,13.66,13.38,13.09
16.22,16.29,16.24,16.29,16.31,16.1,15.99,15.62,15.43,15.07,14.65,14.22,13.81
15.67,16.73,17.05,17,16.97,16.9,16.86,16.32,16.05,15.78,15.47,14.94,14.36
14.11,15.05,16.22,16.43,16.54,16.75,16.86,16.54,16.38,16.06,15.69,15.48,15.36
13.16,13.6,14.04,14.23,14.32,14.58,14.71,14.74,14.75,14.67,14.58,14.54,14.52
10.67,11.33,11.81,12.12,12.27,12.67,12.87,13.03,13.11,13.2,13.29,13.24,13.12
9.95,11.86,12.93,13.3,13.48,13.82,13.99,14.05,14.08,14.06,14.04,13.98,13.89
12.39,13.52,13.68,14,14.17,14.39,14.49,14.36,14.3,14.28,14.26,14.23,14.18
12.46,13.66,14.03,14.21,14.3,14.43,14.49,14.34,14.27,14.14,14,14.01,14.1
13.98,14.2,14.24,14.33,14.38,14.55,14.63,14.5,14.43,14.35,14.27,13.93,13.52
12.85,13.36,13.37,13.77,13.98,14.1,14.16,13.97,13.87,13.83,13.79,13.55,13.26
11.9,12.36,12.49,12.92,13.14,13.49,13.66,13.75,13.8,13.77,13.74,13.61,13.46
11.89,13.63,14.15,14.36,14.47,14.65,14.73,14.66,14.62,14.51,14.38,14.07,13.72
9.16,10.44,11.64,12.47,12.9,13.22,13.38,13.6,13.7,13.68,13.64,13.54,13.42
6.48,8.58,10.11,11,11.45,11.94,12.18,12.53,12.7,12.74,12.79,12.57,12.25
7.21,7.91,9.44,10.13,10.48,11.2,11.56,11.74,11.83,11.86,11.9,11.8,11.65
7.75,8.35,8.87,9.3,9.52,9.93,10.13,10.55,10.76,10.84,10.92,10.88,10.8
7.84,8.65,8.97,9.29,9.46,9.85,10.05,10.48,10.7,10.88,11.1,11.08,10.97
8.4,8.47,8.56,8.81,8.94,9.41,9.64,10.09,10.31,10.48,10.68,10.79,10.86
8.15,8.6,8.71,8.98,9.12,9.57,9.79,10.25,10.48,10.78,11.12,11.29,11.37
7.6,8.3,8.4,8.61,8.71,9.2,9.44,9.83,10.02,10.24,10.49,10.72,10.91
8.75,9.17,9.19,9.31,9.37,9.75,9.94,10.26,10.42,10.6,10.81,10.96,11.07
8.21,8.62,8.57,8.7,8.77,9.14,9.33,9.73,9.92,10.16,10.44,10.58,10.65
8.35,9.12,9.26,9.38,9.43,9.89,10.13,10.4,10.54,10.78,11.06,11.2,11.27
8.73,9.29,9.47,9.67,9.77,10.11,10.28,10.6,10.75,10.93,11.14,11.25,11.31
9.06,9.77,10.02,10.39,10.59,10.94,11.12,11.47,11.65,11.83,12.04,12.11,12.11
8.86,9.71,10.13,10.41,10.55,10.97,11.18,11.58,11.78,11.93,12.11,12.14,12.09
9.01,9.28,9.46,9.73,9.86,10.31,10.53,10.94,11.14,11.36,11.61,11.69,11.69
8.67,8.99,9.36,9.62,9.74,10.31,10.6,11.12,11.38,11.62,11.88,11.99,12.03
8.68,9.32,9.58,9.79,9.89,10.37,10.61,11.12,11.38,11.53,11.71,11.8,11.84
8.76,9.59,9.76,10.01,10.14,10.64,10.9,11.33,11.55,11.72,11.91,12,12.04
9.12,9.35,9.52,9.7,9.79,10.32,10.6,11.05,11.28,11.49,11.74,11.85,11.91
8.61,9.72,9.86,10.13,10.27,10.75,11,11.5,11.75,11.96,12.2,12.26,12.23
9.68,10.3,10.53,10.82,10.97,11.33,11.52,11.97,12.2,12.39,12.62,12.63,12.55
9.55,10.28,10.6,10.94,11.11,11.64,11.9,12.32,12.53,12.76,13.02,13.02,12.91
9.03,10.41,11.23,11.94,12.3,12.78,13.03,13.46,13.68,13.84,14.04,13.92,13.69
9.3,10.41,11.28,12.06,12.47,12.97,13.23,13.6,13.79,13.9,14.04,13.97,13.83
9.95,10.88,11.35,11.83,12.08,12.45,12.63,12.76,12.82,12.91,13.01,13.03,13.01
10.48,11.23,11.5,11.88,12.07,12.41,12.58,12.73,12.8,12.85,12.92,12.81,12.64
10.66,10.7,11.14,11.41,11.55,11.95,12.15,12.38,12.49,12.53,12.57,12.5,12.38
8.61,9.5,9.96,10.27,10.42,10.96,11.22,11.46,11.57,11.69,11.82,11.85,11.84
7.59,8.92,9.24,9.62,9.81,10.34,10.61,11.08,11.31,11.47,11.65,11.78,11.86
7.89,8.22,8.6,9.12,9.38,9.9,10.16,10.79,11.1,11.39,11.73,11.85,11.88
7.68,8.5,8.72,9.03,9.18,9.78,10.08,10.6,10.86,11.05,11.28,11.47,11.64
7.63,9.02,9.4,9.76,9.95,10.51,10.79,11.33,11.6,11.81,12.06,12.22,12.33
8.02,8.7,9.11,9.54,9.76,10.25,10.49,11.05,11.33,11.56,11.82,11.98,12.09
7.52,8.26,8.54,8.97,9.19,9.74,10.01,10.59,10.88,11.17,11.51,11.78,12
6.71,7.57,7.57,7.95,8.14,8.69,8.96,9.51,9.79,10.02,10.29,10.68,11.08
6.73,7.27,7.41,7.7,7.84,8.41,8.7,9.33,9.65,9.95,10.3,10.67,11.02
7.15,7.59,7.84,8.12,8.26,8.81,9.08,9.73,10.06,10.32,10.62,10.96,11.29
7.1,7.46,7.72,7.97,8.09,8.64,8.92,9.56,9.88,10.11,10.38,10.79,11.22
7.14,7.44,7.64,7.98,8.16,8.64,8.89,9.48,9.78,10.06,10.39,10.84,11.3
7.29,7.63,7.67,7.94,8.07,8.48,8.68,9.24,9.52,9.78,10.09,10.51,10.95
6.77,7.45,7.68,7.81,7.87,8.36,8.61,8.94,9.1,9.37,9.67,10.05,10.43
6.08,7.35,7.52,7.67,7.74,7.93,8.02,8.43,8.64,8.79,8.95,9.4,9.94
6.81,7.39,7.45,7.63,7.72,7.91,8,8.4,8.6,8.83,9.08,9.52,10.01
6.87,7.49,7.47,7.51,7.53,7.7,7.78,7.98,8.09,8.13,8.17,8.42,8.72
6.52,6.67,6.72,6.85,6.91,6.97,6.99,7.27,7.42,7.43,7.44,7.56,7.72
5.55,6.42,6.44,6.58,6.65,6.87,6.99,7.25,7.38,7.43,7.49,7.7,7.96
6.15,6.71,6.68,6.91,7.03,7.35,7.51,7.96,8.18,8.23,8.29,8.56,8.9
5.99,6.35,6.34,6.49,6.57,6.84,6.97,7.38,7.58,7.59,7.61,7.86,8.18
5.38,6.08,6.09,6.21,6.27,6.54,6.68,7.05,7.23,7.38,7.55,7.94,8.39
4.79,5.48,5.43,5.55,5.61,5.89,6.03,6.42,6.62,6.83,7.06,7.51,8
5.22,5.4,5.58,5.78,5.88,6.25,6.44,6.93,7.18,7.38,7.6,8.07,8.6
5.23,5.53,5.55,5.75,5.85,6.14,6.29,6.67,6.86,7.11,7.4,7.89,8.42
5.27,5.78,5.71,5.8,5.85,6.1,6.22,6.54,6.71,6.94,7.2,7.69,8.23
4.92,5.91,5.96,6.1,6.17,6.37,6.48,6.72,6.84,7.04,7.27,7.76,8.31
5.59,5.92,5.87,5.98,6.03,6.24,6.35,6.6,6.72,6.93,7.17,7.63,8.15
5.43,5.78,5.83,6.04,6.15,6.3,6.37,6.61,6.73,6.93,7.15,7.55,8
5.3,5.85,6.04,6.26,6.37,6.55,6.64,6.87,6.98,7.21,7.47,7.85,8.25
3.51,5.74,6.34,6.8,7.03,7.32,7.46,7.74,7.88,8.04,8.22,8.52,8.84
5.29,6.04,6.59,7.05,7.29,7.63,7.8,8.04,8.16,8.31,8.48,8.75,9.05
5.07,6.07,6.47,6.83,7.01,7.34,7.5,7.84,8.01,8.19,8.4,8.71,9.05
5.37,6.49,6.56,6.89,7.05,7.43,7.61,7.99,8.18,8.4,8.64,9.01,9.4
5.75,6.68,6.81,7.2,7.4,7.79,7.99,8.3,8.46,8.69,8.96,9.29,9.61
6.58,6.88,7.49,7.88,8.07,8.47,8.67,9.02,9.19,9.39,9.62,9.89,10.16
4.41,5.78,6.56,6.98,7.19,7.59,7.79,8.21,8.42,8.67,8.96,9.21,9.42
3.84,5.85,6.63,7.05,7.25,7.62,7.8,8.22,8.43,8.71,9.02,9.3,9.55
3.74,6,6.66,7.17,7.43,7.72,7.86,8.19,8.35,8.6,8.88,9.16,9.42
4.56,6.2,6.48,6.75,6.89,7.14,7.26,7.54,7.68,7.93,8.22,8.52,8.81
5.3,6.01,6.3,6.61,6.77,7.04,7.17,7.41,7.52,7.79,8.1,8.46,8.81
5.47,6.11,6.47,6.83,7.01,7.28,7.42,7.77,7.94,8.21,8.53,8.91,9.28
5.71,6.42,6.72,7.09,7.29,7.6,7.76,8.08,8.24,8.5,8.79,9.18,9.58
6.04,6.86,7.24,7.63,7.82,8.1,8.24,8.49,8.62,8.85,9.11,9.44,9.77
6.4,6.85,7.19,7.52,7.69,7.93,8.05,8.24,8.34,8.52,8.74,9.05,9.38
6.32,7.35,7.62,7.93,8.09,8.33,8.45,8.58,8.64,8.83,9.06,9.36,9.66
7.55,7.76,8.1,8.37,8.51,8.67,8.75,8.85,8.9,9.04,9.19,9.4,9.62
7.27,7.75,8,8.21,8.32,8.42,8.46,8.54,8.57,8.69,8.82,9.05,9.31
6.99,7.74,7.98,8.11,8.18,8.24,8.27,8.3,8.32,8.44,8.57,8.8,9.05
6.75,8.29,8.58,8.72,8.79,8.84,8.87,8.89,8.91,8.97,9.05,9.17,9.32
5.77,8.53,8.89,9.1,9.21,9.19,9.18,9.19,9.19,9.2,9.21,9.19,9.17
8.09,8.86,8.94,9.08,9.15,9.14,9.13,9.13,9.12,9.08,9.03,9.01,8.99
7.72,9.17,9.32,9.54,9.66,9.6,9.58,9.55,9.53,9.46,9.38,9.35,9.33
8.95,9.38,9.58,9.82,9.94,9.83,9.77,9.71,9.67,9.53,9.36,9.28,9.24
8.73,8.97,9.09,9.27,9.36,9.28,9.25,9.19,9.16,9.12,9.07,9.08,9.11
8.58,9.08,8.96,9.02,9.05,8.89,8.8,8.8,8.81,8.73,8.66,8.7,8.79
8.43,8.46,8.26,8.34,8.38,8.17,8.07,8.11,8.13,8.14,8.16,8.21,8.28
8.02,8.16,7.87,7.86,7.85,7.65,7.55,7.58,7.59,7.68,7.78,7.97,8.18
7.9,8.26,8.32,8.44,8.5,8.41,8.36,8.37,8.37,8.34,8.31,8.35,8.43
7.86,8.35,8.49,8.57,8.62,8.49,8.42,8.46,8.48,8.43,8.38,8.41,8.48
7.87,8.13,8.09,8.05,8.03,7.92,7.86,7.93,7.96,7.97,7.99,8.06,8.15
6.55,7.95,7.9,7.87,7.85,7.77,7.74,7.82,7.86,7.88,7.9,8.02,8.17
6.64,8.06,7.99,8,8,7.94,7.91,7.95,7.97,7.99,8.01,8.12,8.25
7.47,8.19,8.2,8.23,8.25,8.3,8.33,8.4,8.44,8.45,8.47,8.62,8.81
7.56,8.19,8.16,8.2,8.22,8.36,8.43,8.53,8.58,8.58,8.59,8.71,8.88
8.23,8.27,8.32,8.42,8.47,8.61,8.68,8.74,8.78,8.74,8.7,8.8,8.96
7.67,8.31,8.45,8.64,8.74,8.91,8.99,9.08,9.12,9.11,9.09,9.19,9.32
6.94,8.19,8.18,8.24,8.26,8.42,8.49,8.59,8.64,8.66,8.67,8.77,8.9
7.64,8.09,8.02,8.09,8.13,8.21,8.25,8.37,8.43,8.46,8.49,8.6,8.72
7.62,7.83,7.73,7.8,7.84,7.91,7.94,8.08,8.14,8.24,8.36,8.55,8.75
7.59,7.78,7.79,7.91,7.97,8.07,8.12,8.38,8.5,8.66,8.84,9.12,9.42
7.17,7.51,7.67,7.81,7.88,7.98,8.02,8.29,8.42,8.59,8.79,9.06,9.33
6.76,7.48,7.48,7.56,7.6,7.72,7.79,8.04,8.17,8.37,8.59,8.89,9.19
6.92,7.38,7.4,7.43,7.45,7.54,7.58,7.79,7.9,8.06,8.25,8.49,8.73
5.59,6.75,6.85,6.99,7.06,7.18,7.24,7.5,7.64,7.85,8.09,8.37,8.65
5.76,6.47,6.51,6.68,6.76,6.97,7.08,7.41,7.57,7.77,8,8.3,8.62
5.6,6.34,6.34,6.5,6.58,6.89,7.04,7.4,7.58,7.78,8.01,8.33,8.66
5.96,6.11,6.1,6.35,6.48,6.87,7.06,7.48,7.69,7.87,8.08,8.36,8.65
5.55,5.79,5.86,6.14,6.29,6.68,6.88,7.32,7.55,7.78,8.04,8.33,8.6
4.96,5.85,5.86,6.17,6.33,6.65,6.81,7.31,7.55,7.8,8.07,8.38,8.69
5.29,5.78,5.95,6.3,6.48,6.78,6.93,7.52,7.83,8.04,8.28,8.54,8.79
5.63,5.8,5.89,6.14,6.27,6.63,6.8,7.36,7.64,7.88,8.16,8.46,8.73
5.41,5.57,5.64,5.77,5.83,6.15,6.31,6.91,7.21,7.5,7.83,8.14,8.43
5.08,5.32,5.34,5.47,5.53,5.85,6.01,6.56,6.83,7.11,7.43,7.82,8.21
4.83,5.05,5.02,5.15,5.21,5.55,5.72,6.3,6.59,6.96,7.39,7.85,8.28
4.08,4.62,4.61,4.77,4.84,5.2,5.38,6.05,6.4,6.82,7.31,7.82,8.31
3.82,3.9,3.99,4.17,4.26,4.59,4.75,5.47,5.84,6.22,6.66,7.21,7.77
3.68,4.04,4.03,4.31,4.46,4.92,5.15,5.94,6.34,6.77,7.27,7.76,8.21
3.86,4.11,4.12,4.39,4.53,5.01,5.25,6.06,6.47,6.84,7.27,7.74,8.18
4.1,4.14,4.28,4.58,4.74,5.34,5.65,6.47,6.88,7.19,7.54,7.95,8.34
3.41,3.87,3.96,4.23,4.36,5.08,5.44,6.29,6.72,7.11,7.55,8.03,8.48
3.53,3.85,3.97,4.15,4.25,4.85,5.16,5.98,6.39,6.81,7.28,7.8,8.29
3.56,3.72,3.83,4,4.09,4.57,4.81,5.63,6.05,6.51,7.05,7.64,8.19
3.1,3.36,3.42,3.6,3.68,4.15,4.38,5.19,5.59,6.06,6.59,7.2,7.8
3.07,3.26,3.34,3.45,3.51,3.89,4.08,4.92,5.34,5.88,6.5,7.19,7.85
2.67,2.81,2.97,3.08,3.14,3.55,3.76,4.58,4.99,5.58,6.26,7.02,7.75
2.7,3.19,3.34,3.57,3.69,4.16,4.4,5.22,5.63,6.16,6.76,7.38,7.95
2.75,3.35,3.58,3.83,3.95,4.54,4.83,5.64,6.04,6.45,6.91,7.43,7.94
2.88,3.27,3.41,3.6,3.69,4.24,4.52,5.39,5.82,6.23,6.69,7.22,7.73
